StartDate,EndDate,Status,IPAddress,Progress,Duration (in seconds),Finished,RecordedDate,ResponseId,RecipientLastName,RecipientFirstName,RecipientEmail,ExternalReference,LocationLatitude,LocationLongitude,DistributionChannel,UserLanguage,Q4_First Click,Q4_Last Click,Q4_Page Submit,Q4_Click Count,Q1,Q2,Q3,QID6_First Click,QID6_Last Click,QID6_Page Submit,QID6_Click Count,Q8_First Click,Q8_Last Click,Q8_Page Submit,Q8_Click Count,1,2,3,4,5,6,7,8,9,10,11,QID31_First Click,QID31_Last Click,QID31_Page Submit,QID31_Click Count,12,13,14,15,16,17,18,19,20,21,22,QID93_First Click,QID93_Last Click,QID93_Page Submit,QID93_Click Count,23,24,25,26,27,28,29,30,31,32,33,QID94_First Click,QID94_Last Click,QID94_Page Submit,QID94_Click Count,34,35,36,37,38,39,40,41,42,43,44,QID95_First Click,QID95_Last Click,QID95_Page Submit,QID95_Click Count,45,46,47,48,49,50,51,52,53,54,55,QID96_First Click,QID96_Last Click,QID96_Page Submit,QID96_Click Count,56,57,58,58,60,61,62,63,64,65,66,SC0,SC1,SC2,Q_TotalDuration,Date,Time
6/28/2017 9:07,6/28/2017 9:13,IP Address,66.251.26.62,100,348,TRUE,6/28/2017 9:13,R_2AZ3v8kByO8guGN,,,,,42.38960266,-72.45339966,anonymous,EN,2.239,32.636,44.355,5,6/28/2017,0,MorphIndDiff,6.974,6.974,12.899,1,56.694,116.351,117.245,14,No,No,Yes,No,Yes,No,No,No,No,No,Yes,2.37,45.71,49.114,14,No,No,Yes,No,No,Yes,No,Yes,Yes,No,Yes,2.094,33.355,35.21,13,Yes,Yes,No,No,No,No,No,Yes,Yes,No,No,4.085,36.703,38.103,12,No,Yes,No,Yes,No,No,No,No,Yes,No,Yes,2.521,21.41,22.553,11,No,Yes,Yes,No,No,No,Yes,No,No,No,Yes,1.81,24.42,26.235,11,Yes,No,Yes,No,Yes,Yes,No,No,No,No,No,47,19,28,348,6/28/2017,9:13 AM
7/24/2017 14:06,7/24/2017 15:11,IP Address,64.254.160.156,100,3893,TRUE,7/24/2017 15:11,R_BG2M4bp8SW1sMh3,,,,,42.38960266,-72.45339966,anonymous,EN,2384.946,2525.606,2526.926,5,7/24/2017,11,MorphIndDiff,0,0,1189.307,0,5.174,25.618,35.044,11,No,No,No,No,No,No,No,No,No,No,No,2.569,21.716,27.678,11,No,No,Yes,No,No,No,No,No,Yes,No,No,2.472,27.744,29.23,12,Yes,Yes,No,No,No,No,No,No,Yes,No,No,1.854,25.374,37.843,11,No,No,No,Yes,Yes,No,No,No,No,No,Yes,2.316,17.284,19.095,12,No,No,No,Yes,No,No,No,No,No,No,Yes,1.818,18.114,19.807,12,Yes,No,No,No,No,No,No,No,No,No,No,40,26,14,3893,7/24/2017,3:11 PM
9/15/2017 11:07,9/15/2017 12:07,IP Address,144.121.36.247,100,3635,TRUE,9/15/2017 12:07,R_1dnvNnE3Ya01bXh,,,,,42.33659363,-71.07260132,anonymous,EN,3463.483,3473.61,3474.513,3,9/15/2017,12,Morph21,0,0,10.226,0,15.871,31.896,33.136,12,Yes,No,No,Yes,No,No,No,No,No,No,Yes,1.798,22.085,25.013,14,Yes,No,Yes,No,Yes,Yes,No,No,Yes,No,Yes,1.58,18.242,19.406,14,Yes,Yes,No,No,No,No,Yes,Yes,Yes,Yes,No,1.453,21.478,24.694,14,No,Yes,No,Yes,Yes,No,No,No,Yes,No,Yes,1.408,15.647,18.071,14,No,No,Yes,No,No,No,No,No,No,No,No,1.09,16.117,17.046,12,Yes,No,No,No,No,No,No,Yes,Yes,No,No,39,27,12,3635,9/15/2017,12:07 PM
9/15/2017 15:49,9/15/2017 15:52,IP Address,144.121.36.234,100,187,TRUE,9/15/2017 15:52,R_2rkAbjGt6LeklRs,,,,,42.33659363,-71.07260132,anonymous,EN,1.773,13.148,14.594,2,9/15/2017,13,Morph21,0,0,21.838,0,1.449,24.886,41.613,14,No,No,No,No,No,No,No,No,No,No,No,1.574,19.901,20.739,11,No,No,Yes,No,No,No,No,No,Yes,No,No,1.36,18.986,19.816,11,Yes,No,No,No,No,No,No,No,Yes,No,No,1.323,19.355,20.275,11,No,No,No,No,No,No,No,No,Yes,No,Yes,3.266,21.182,22.148,11,No,No,No,No,No,No,No,No,No,No,Yes,0.959,17.599,19.334,13,Yes,No,Yes,No,No,No,No,No,No,No,No,42,24,18,187,9/15/2017,3:52 PM
9/19/2017 14:30,9/19/2017 14:50,IP Address,144.121.36.229,100,1174,TRUE,9/19/2017 14:50,R_1NeKbT9N0eg1Pm0,,,,,42.33659363,-71.07260132,anonymous,EN,1041.875,1051.114,1055.543,3,9/19/2017,101,Morph21,0,0,5.243,0,2.487,15.616,16.721,12,No,No,No,No,No,No,Yes,Yes,Yes,Yes,No,1.227,14.453,15.431,12,Yes,Yes,Yes,Yes,No,Yes,Yes,No,Yes,No,No,1.527,18.143,19.107,13,Yes,Yes,No,No,No,No,No,Yes,Yes,No,No,3.088,17.134,18.204,12,Yes,Yes,No,Yes,Yes,No,No,No,No,No,No,1.82,15.797,16.818,13,No,No,Yes,Yes,Yes,No,No,No,No,No,Yes,1.781,14.236,15.18,13,Yes,No,No,No,No,No,No,Yes,No,No,No,40,26,14,1174,9/19/2017,2:50 PM
9/22/2017 11:29,9/22/2017 11:46,IP Address,144.121.36.234,100,1030,TRUE,9/22/2017 11:46,R_3kFYi0N1qQmC3Bd,,,,,42.33659363,-71.07260132,anonymous,EN,827.897,838.921,840.93,4,9/22/2017,103,Morph21,0,0,8.982,0,46.472,64.44,65.376,11,No,No,No,No,Yes,No,No,No,No,No,No,2.702,21.662,22.878,14,No,No,Yes,No,No,No,No,No,Yes,No,No,1.341,14.661,15.627,11,Yes,Yes,No,No,No,No,No,No,No,No,No,3.305,19.633,20.415,14,No,No,No,Yes,No,No,No,No,Yes,No,Yes,3.282,17.561,18.658,13,No,No,Yes,No,No,No,No,No,No,No,Yes,1.591,23.438,24.386,11,Yes,Yes,Yes,No,Yes,No,No,Yes,No,No,No,48,18,30,1030,9/22/2017,11:46 AM
9/23/2017 9:57,9/23/2017 10:16,IP Address,144.121.36.234,100,1170,TRUE,9/23/2017 10:16,R_2dscVLAzmG99cQg,,,,,42.33659363,-71.07260132,anonymous,EN,966.605,975.484,976.497,2,23-Sep-17,104,Morph21,0,0,8.547,0,4.229,31.838,34.053,11,No,Yes,Yes,Yes,Yes,No,Yes,No,Yes,Yes,Yes,3.084,29.547,31.313,13,No,Yes,Yes,No,Yes,No,No,No,Yes,No,Yes,1.549,25.833,26.955,12,Yes,Yes,Yes,No,Yes,No,No,No,Yes,No,Yes,5.603,27.939,29.089,12,Yes,Yes,No,Yes,No,No,No,No,Yes,No,Yes,0.825,26.161,27.574,11,Yes,No,Yes,No,No,Yes,No,No,No,No,Yes,0.945,23.449,24.382,12,Yes,No,No,No,No,No,No,No,Yes,No,No,41,25,16,1170,9/23/2017,10:16 AM
10/1/2017 11:17,10/1/2017 11:33,IP Address,144.121.36.249,100,949,TRUE,10/1/2017 11:33,R_1jNG3FCa41u0lQr,,,,,42.33659363,-71.07260132,anonymous,EN,818.846,830.189,830.589,4,10/1/2017,105,Morph21,0,0,5.163,0,2.983,16.193,17.023,13,No,No,Yes,No,Yes,Yes,No,No,No,Yes,No,0.832,18.966,20.042,16,No,No,Yes,No,No,Yes,No,No,Yes,No,No,1.384,13.268,14.147,13,Yes,Yes,No,No,No,No,No,No,Yes,Yes,No,1.093,14.538,15.437,14,No,No,No,Yes,No,No,No,No,Yes,No,Yes,1.048,17.495,18.255,13,No,Yes,No,No,No,No,No,No,No,No,Yes,1.126,15.529,16.317,14,Yes,No,Yes,No,No,No,No,No,No,No,No,45,21,24,949,10/1/2017,11:33 AM
10/2/2017 12:32,10/2/2017 12:45,IP Address,144.121.36.245,100,797,TRUE,10/2/2017 12:45,R_3Mha85cHzFozJoC,,,,,42.33659363,-71.07260132,anonymous,EN,609.57,618.25,619.234,2,10/2/2017,106,Morph21,0,0,7.506,0,4.819,59.244,59.842,13,Yes,No,No,No,Yes,No,Yes,No,No,No,Yes,2.796,21.284,23.218,12,No,No,Yes,No,No,Yes,No,No,Yes,Yes,No,1.338,13.995,15.123,11,Yes,Yes,No,No,No,No,No,No,Yes,No,No,4.118,18.567,19.716,11,No,Yes,No,Yes,Yes,Yes,No,Yes,Yes,No,Yes,2.585,18.361,19.36,11,No,Yes,No,No,No,Yes,No,No,No,No,Yes,1.386,20.489,21.705,12,Yes,Yes,Yes,No,No,No,Yes,No,No,No,No,42,24,18,797,10/2/2017,12:45 PM
10/8/2017 14:18,10/8/2017 14:31,IP Address,144.121.36.252,100,774,TRUE,10/8/2017 14:31,R_2VIU6RCFaJw2yc7,,,,,42.38960266,-72.45339966,anonymous,EN,614.464,631.127,632.306,5,10/8/2017,107,Morph21,0,0,8.697,0,2.471,37.767,43.823,16,No,No,No,No,No,No,No,No,No,Yes,No,1.534,18.354,19.221,11,No,No,Yes,No,No,No,No,No,Yes,No,No,1.462,14.461,15.565,12,Yes,No,No,No,No,No,No,No,No,No,No,1.251,14.869,15.761,12,No,No,No,No,No,No,No,No,No,No,Yes,1.211,10.8,12.034,11,No,No,No,No,No,No,No,No,No,No,Yes,1.221,14.085,15.62,14,Yes,No,Yes,No,No,No,No,No,No,No,No,39,27,12,774,10/8/2017,2:31 PM
10/9/2017 12:25,10/9/2017 12:39,IP Address,144.121.36.239,100,870,TRUE,10/9/2017 12:39,R_A5US5a9kTlm1mal,,,,,42.38960266,-72.45339966,anonymous,EN,398.126,401.734,735.79,3,10/9/2017,108,Morph21,0,0,6.248,0,1.958,24.511,26.119,13,No,No,No,No,Yes,No,No,No,No,No,No,0.926,15.798,17.502,11,No,No,Yes,No,No,Yes,No,No,Yes,No,No,1.332,15.86,17.749,13,Yes,Yes,No,No,No,No,No,No,Yes,Yes,No,1.104,16.352,17.638,13,No,No,No,Yes,Yes,No,No,No,Yes,No,Yes,6.038,18.958,20.829,12,No,No,No,No,No,No,No,No,No,No,Yes,1.341,15.734,16.528,11,Yes,No,Yes,No,No,No,No,No,No,No,No,44,22,22,870,10/9/2017,12:39 PM
10/9/2017 16:45,10/9/2017 17:24,IP Address,144.121.36.238,100,2284,TRUE,10/9/2017 17:24,R_3haKc10YF4ed9ur,,,,,42.38960266,-72.45339966,anonymous,EN,1943.216,1950.767,1952.944,3,10/9/2017,109,Morph21,0,0,8.459,0,15.044,106.18,110.189,18,No,No,No,No,No,No,No,No,No,No,No,2.111,23.911,46.254,16,No,No,Yes,No,No,No,No,No,Yes,No,No,1.367,19.236,27.304,14,Yes,No,No,No,No,No,No,No,Yes,No,No,4.662,39.271,47.109,14,No,No,No,Yes,No,No,No,No,Yes,No,Yes,1.916,40.596,56.946,15,No,Yes,No,No,No,No,No,No,No,No,Yes,1.476,13.804,21.97,11,Yes,No,Yes,No,No,No,No,No,No,No,No,44,22,22,2284,10/9/2017,5:24 PM
10/18/2017 15:16,10/18/2017 15:30,IP Address,144.121.36.249,100,803,TRUE,10/18/2017 15:30,R_2YrgpInI5oOotbu,,,,,42.38960266,-72.45339966,anonymous,EN,677.553,687.377,688.328,2,10/18/2017,110,Morph21,0,0,9.61,0,1.713,15.72,16.872,12,No,No,No,No,No,No,No,No,No,No,No,1.154,12.891,13.73,11,No,No,Yes,No,No,No,No,No,Yes,No,No,1.287,13.319,14.605,12,Yes,No,No,No,No,No,No,No,Yes,Yes,No,0.666,13.21,13.98,12,No,No,No,No,No,No,No,No,Yes,No,Yes,1.016,11.695,12.721,11,No,No,No,No,No,No,No,No,No,No,Yes,1.739,14.042,15.088,11,Yes,No,No,No,No,No,No,No,No,No,No,42,24,18,803,10/18/2017,3:30 PM
10/25/2017 15:24,10/25/2017 15:40,IP Address,144.121.36.224,100,940,TRUE,10/25/2017 15:40,R_3qUaf63Ql6QkhwQ,,,,,42.38960266,-72.45339966,anonymous,EN,808.088,815.463,816.992,3,10/25/2017,111,Morph21,0,0,12.81,0,2.641,18.413,18.741,13,No,No,No,No,Yes,No,No,No,No,Yes,No,1.132,14.284,14.619,13,No,No,Yes,No,No,No,No,No,No,No,No,1.394,17.122,18.058,14,Yes,No,No,No,No,No,No,No,Yes,Yes,No,1.123,14.073,16.01,11,No,No,No,Yes,No,No,No,No,Yes,No,Yes,1.582,12.775,13.856,13,No,No,No,No,No,No,No,No,No,No,No,1.445,10.55,11.927,12,Yes,No,No,No,No,No,No,No,No,No,No,41,25,16,940,10/25/2017,3:40 PM
10/29/2017 12:31,10/29/2017 12:47,IP Address,144.121.36.224,100,966,TRUE,10/29/2017 12:47,R_1CEmCEtg60Goh9X,,,,,42.38960266,-72.45339966,anonymous,EN,836.159,845.742,846.781,3,10/29/2017,112,Morph21,0,0,7.357,0,1.816,18.237,19.248,12,No,No,No,No,No,No,No,No,Yes,No,Yes,1.55,16.102,16.999,12,No,No,Yes,No,No,No,No,No,Yes,No,No,1.726,13.451,14.661,12,Yes,No,No,No,No,No,No,No,No,No,No,1.176,13.008,14.242,13,No,No,No,No,No,No,No,No,Yes,No,No,1.234,13.082,13.818,11,No,No,No,No,No,No,No,No,No,Yes,No,1.31,12.502,13.369,12,No,No,No,No,No,No,No,No,No,No,No,38,28,10,966,10/29/2017,12:47 PM
11/1/2017 15:19,11/1/2017 15:29,IP Address,144.121.36.235,100,601,TRUE,11/1/2017 15:29,R_1rk0xhTXLTTGvPX,,,,,42.38960266,-72.45339966,anonymous,EN,472.9,480.526,481.744,3,1-Nov,113,Morph21,0,0,4.454,0,1.693,15.905,17.559,11,No,No,Yes,Yes,Yes,No,No,No,No,No,Yes,1.175,13.372,14.935,11,No,No,Yes,Yes,Yes,No,Yes,Yes,Yes,No,No,0.981,12.724,14.219,11,Yes,Yes,No,No,No,No,No,Yes,Yes,Yes,Yes,1.438,17.498,18.893,13,No,No,No,Yes,No,Yes,No,No,Yes,No,Yes,0.853,14.307,15.343,13,No,Yes,Yes,No,Yes,No,No,No,No,No,Yes,1.134,13.436,14.855,11,Yes,No,Yes,No,No,No,No,No,No,No,No,53,13,40,601,11/1/2017,3:29 PM
11/3/2017 11:20,11/3/2017 11:42,IP Address,144.121.36.245,100,1337,TRUE,11/3/2017 11:43,R_1gkfuqxUP13tU7n,,,,,42.38960266,-72.45339966,anonymous,EN,1170.292,1177.731,1178.547,3,11/3/2017,114,Morph21,4.418,4.85,14.841,2,4.803,20.467,21.138,11,No,Yes,Yes,No,Yes,Yes,No,No,Yes,Yes,Yes,4.034,21.064,21.765,13,No,No,Yes,No,Yes,Yes,No,Yes,Yes,Yes,Yes,1.461,20.685,21.788,18,Yes,Yes,No,No,Yes,No,Yes,Yes,Yes,No,No,1.75,25.955,26.993,14,Yes,No,No,No,Yes,Yes,No,Yes,Yes,No,Yes,1.977,16.082,16.904,12,No,No,No,Yes,Yes,Yes,No,Yes,No,No,No,3.034,15.66,16.466,11,Yes,No,Yes,No,Yes,No,No,No,No,No,No,38,28,10,1337,11/3/2017,11:42 AM
11/5/2017 11:30,11/5/2017 11:46,IP Address,144.121.36.253,100,964,TRUE,11/5/2017 11:46,R_dnYHPY3Ium5UAXD,,,,,42.38960266,-72.45339966,anonymous,EN,769.36,778.464,780.043,3,3-Nov-17,115,Morph21,0,0,8.347,0,3.944,30.801,34.042,15,Yes,No,No,No,No,No,No,Yes,No,Yes,Yes,2.184,24.089,25.295,12,Yes,No,Yes,Yes,No,Yes,No,No,Yes,No,No,1.498,20.369,22.276,12,Yes,Yes,No,Yes,No,No,No,Yes,Yes,No,No,2.994,22.414,24.444,11,No,Yes,Yes,Yes,Yes,Yes,No,No,Yes,Yes,Yes,2.209,23.864,26.214,12,No,No,No,No,No,No,No,Yes,No,No,Yes,3.746,23.645,25.294,13,Yes,No,Yes,No,No,No,No,No,No,No,No,39,27,12,964,11/5/2017,11:46 AM
11/30/2017 14:51,11/30/2017 15:08,IP Address,144.121.36.253,100,1064,TRUE,11/30/2017 15:08,R_3knAsDTEE1D8hin,,,,,42.38960266,-72.45339966,anonymous,EN,861.462,870.653,871.877,3,11/30/2017,116,Morph21,0,0,7.138,0,4.692,27.103,28.805,12,No,No,No,Yes,Yes,No,No,No,No,Yes,No,2.632,34.698,36.9,15,No,No,Yes,Yes,No,Yes,No,Yes,Yes,Yes,No,1.358,20.485,23.027,11,Yes,Yes,No,No,No,No,No,No,Yes,No,Yes,5.864,28.51,30.42,11,No,Yes,No,Yes,No,No,No,No,Yes,No,Yes,2.156,22.716,24.656,12,No,Yes,Yes,No,No,No,No,No,No,No,Yes,1.487,30.462,31.991,14,Yes,Yes,Yes,No,Yes,No,No,No,No,No,No,43,23,20,1064,11/30/2017,3:08 PM
12/6/2017 15:20,12/6/2017 15:59,IP Address,144.121.36.238,100,2367,TRUE,12/6/2017 15:59,R_33p44wUXhD2YVeS,,,,,42.38960266,-72.45339966,anonymous,EN,2099.283,2108.435,2109.718,2,12/6/,117,Morph21,0,0,27.824,0,8.468,45.346,46.442,11,Yes,Yes,No,No,Yes,Yes,No,No,Yes,Yes,Yes,2.241,16.329,17.259,13,Yes,Yes,Yes,Yes,No,Yes,No,Yes,No,No,Yes,1.218,18.691,19.615,20,No,No,No,No,No,Yes,Yes,No,Yes,No,No,1.292,15.82,16.874,15,No,No,No,Yes,No,No,Yes,No,No,No,Yes,0.967,16.816,17.117,18,No,Yes,Yes,No,No,No,Yes,No,No,No,No,79.719,101.381,102.521,11,No,No,Yes,No,No,No,No,No,No,Yes,No,30,36,-6,2367,12/6/2017,3:59 PM
12/7/2017 14:25,12/7/2017 14:43,IP Address,144.121.36.227,100,1061,TRUE,12/7/2017 14:43,R_Tel5WWGW2swUSu5,,,,,42.38960266,-72.45339966,anonymous,EN,870.022,877.549,881.936,3,12\7\17,118,Morph21,0,0,8.007,0,3.109,38.677,40.122,11,No,Yes,No,No,No,No,No,No,Yes,No,No,1.449,23.535,24.622,11,No,No,Yes,No,Yes,Yes,No,No,Yes,Yes,No,1.104,24.648,25.748,11,Yes,Yes,No,No,No,No,No,No,Yes,No,Yes,1.295,26.57,27.661,11,No,No,No,Yes,Yes,No,No,No,Yes,No,Yes,4.06,18.804,19.639,11,No,No,Yes,No,No,No,No,No,No,No,Yes,1.015,20.546,21.67,12,Yes,No,Yes,No,No,No,No,No,No,No,No,44,22,22,1061,12/7/2017,2:43 PM
12/8/2017 11:26,12/8/2017 11:42,IP Address,144.121.36.232,100,943,TRUE,12/8/2017 11:42,R_Rw9mhqHkKMuMeu5,,,,,42.38960266,-72.45339966,anonymous,EN,811.171,820.546,821.464,2,12/8/2017,119,Morph21,0,0,5.371,0,1.637,15.892,17.968,11,No,No,Yes,Yes,Yes,Yes,No,No,Yes,Yes,Yes,1.418,17.813,19.041,15,No,No,Yes,No,No,No,No,No,Yes,Yes,No,1.507,16.45,17.736,13,Yes,Yes,No,No,No,No,No,Yes,Yes,Yes,Yes,2.456,16.727,18.28,15,No,No,No,Yes,No,No,No,No,Yes,Yes,Yes,1.391,16.751,18.211,12,Yes,Yes,Yes,Yes,Yes,No,No,No,Yes,No,Yes,0.991,13.263,14.449,12,Yes,No,Yes,No,Yes,No,No,No,No,No,No,49,17,32,943,12/8/2017,11:42 AM
12/10/2017 11:14,12/10/2017 11:28,IP Address,144.121.36.247,100,817,TRUE,12/10/2017 11:28,R_21AFnGNfRDlvnoO,,,,,42.38960266,-72.45339966,anonymous,EN,673.192,680.567,682.183,3,12/10/2017,120,Morph21,0,0,7.766,0,5.245,20.22,21.057,12,No,No,No,No,Yes,No,No,No,Yes,No,No,3.313,18.281,19.411,13,No,No,Yes,No,No,Yes,No,No,Yes,No,No,1.737,18.745,21.118,13,Yes,No,No,No,No,No,No,No,Yes,No,No,5.203,15.739,17.641,11,No,No,No,Yes,No,No,No,No,No,No,Yes,4.622,19.677,20.937,11,No,No,No,No,No,No,No,No,No,Yes,Yes,1.726,14.715,16.13,13,Yes,No,Yes,No,No,No,No,No,No,No,No,42,24,18,817,12/10/2017,11:28 AM
1/12/2018 14:12,1/12/2018 14:29,IP Address,144.121.36.248,100,993,TRUE,1/12/2018 14:29,R_3EFiXyZEHxI3ccl,,,,,42.38960266,-72.45339966,anonymous,EN,853.288,863.855,864.338,4,1/12/2018,121,Morph21,0,0,8.07,0,8.17,28.233,31.014,12,No,No,No,Yes,Yes,No,Yes,No,Yes,Yes,Yes,4.047,20.694,21.593,15,No,Yes,Yes,No,No,Yes,Yes,No,No,Yes,No,1.032,13.44,14.621,11,Yes,No,No,Yes,Yes,Yes,No,No,No,Yes,No,0.819,13.723,14.741,12,No,No,Yes,Yes,No,No,No,Yes,Yes,No,Yes,0.968,10.2,11.517,11,No,No,Yes,No,Yes,No,Yes,Yes,Yes,No,Yes,1.218,15.474,16.504,14,Yes,No,Yes,Yes,Yes,Yes,No,No,Yes,No,No,40,26,14,993,1/12/2018,2:29 PM
1/26/2018 12:17,1/26/2018 12:41,IP Address,144.121.36.247,100,1481,TRUE,1/26/2018 12:41,R_6XMBZbopZmkKIRb,,,,,42.38960266,-72.45339966,anonymous,EN,1309.236,1318.947,1321.285,3,1/26/2018,122,Morph21,0,0,6.068,0,12.282,45.305,46.775,13,No,Yes,No,No,Yes,No,No,No,Yes,Yes,Yes,1.918,21.014,22.107,13,No,No,Yes,Yes,No,No,No,No,No,No,No,1.145,14.273,15.246,12,No,No,No,No,No,No,No,No,Yes,No,No,2.055,19.262,20.219,12,No,Yes,No,Yes,No,No,Yes,No,No,No,No,1.013,21.781,23.394,12,Yes,No,No,Yes,Yes,No,No,Yes,No,No,Yes,1.389,14.429,15.297,11,Yes,No,No,No,Yes,No,No,No,Yes,No,No,36,30,6,1481,1/26/2018,12:41 PM
2/1/2018 14:11,2/1/2018 14:27,IP Address,144.121.36.232,100,952,TRUE,2/1/2018 14:27,R_2QoinehnXKERJu0,,,,,42.10169983,-72.07980347,anonymous,EN,779.907,785.138,785.957,3,2/1/2018,123,Morph21,0,0,9.106,0,10.775,32.422,33.964,15,Yes,No,No,No,Yes,No,No,No,Yes,Yes,Yes,1.466,22.531,24.56,16,No,No,Yes,No,Yes,Yes,No,No,Yes,No,No,1.069,22.028,22.616,16,Yes,Yes,No,Yes,No,No,No,No,No,No,No,0.971,17.384,19.244,14,No,No,No,Yes,No,No,No,No,Yes,Yes,Yes,1.059,17.82,19.601,16,No,Yes,Yes,Yes,Yes,No,Yes,No,No,No,Yes,1.18,23.74,25.431,19,Yes,No,Yes,No,Yes,No,No,No,No,No,No,44,22,22,952,2/1/2018,2:27 PM
2/2/2018 14:11,2/2/2018 14:29,IP Address,144.121.36.229,100,1118,TRUE,2/2/2018 14:30,R_3nJkYCzF6uBnxW0,,,,,42.10169983,-72.07980347,anonymous,EN,898.052,904.492,906.89,2,2/2/2018,124,Morph21,0,0,18.825,0,2.975,34.846,36.315,11,No,No,Yes,No,Yes,No,No,No,Yes,No,No,3.989,27.47,28.874,12,No,No,Yes,No,No,No,No,No,Yes,No,No,1.503,25.871,27.602,11,Yes,Yes,No,No,No,No,Yes,Yes,Yes,Yes,Yes,2.425,25.705,27.15,12,No,No,No,Yes,Yes,Yes,No,Yes,Yes,No,Yes,2.449,28.632,29.725,11,No,Yes,No,No,Yes,No,Yes,No,No,No,No,1.787,30.172,32.135,11,Yes,No,Yes,No,No,No,No,No,No,No,No,50,16,34,1118,2/2/2018,2:29 PM
2/15/2018 12:31,2/15/2018 12:44,IP Address,144.121.36.241,100,755,TRUE,2/15/2018 12:44,R_AsY1QUahTdmxoNH,,,,,42.10650635,-72.11309814,anonymous,EN,628.493,636.82,638.086,3,2/15/2018,125,Morph21,10.856,11.024,11.964,2,1.282,13.978,14.666,11,No,No,No,Yes,Yes,Yes,No,No,No,No,No,1.323,12.203,13.302,14,No,No,Yes,No,No,No,Yes,No,Yes,No,Yes,0.631,12.143,12.922,14,Yes,Yes,No,No,Yes,No,No,No,Yes,Yes,Yes,2.82,15.635,16.302,12,No,No,No,Yes,No,Yes,No,No,Yes,Yes,Yes,0.878,15.304,16.253,14,No,Yes,Yes,No,Yes,No,No,No,No,No,Yes,1.134,19.342,20.516,12,Yes,No,Yes,No,Yes,No,No,No,No,No,No,48,18,30,755,2/15/2018,12:44 PM
3/1/2018 14:06,3/1/2018 14:20,IP Address,144.121.36.242,100,825,TRUE,3/1/2018 14:20,R_3kN9B9TiIwrAdR8,,,,,42.48779297,-71.27639771,anonymous,EN,679.679,690.126,691.802,3,3/1/2018,126,Morph21,0,0,7.988,0,3.027,18.963,20.002,11,No,Yes,Yes,No,Yes,Yes,No,No,Yes,Yes,Yes,2.854,19.853,20.704,12,Yes,Yes,Yes,Yes,Yes,Yes,No,No,Yes,Yes,Yes,1.013,14.492,15.4,11,Yes,Yes,No,Yes,No,No,Yes,Yes,Yes,Yes,No,2.178,20.476,21.352,13,No,Yes,No,Yes,Yes,Yes,No,Yes,Yes,No,No,2.184,18.575,19.756,12,Yes,No,No,Yes,Yes,No,No,No,No,Yes,Yes,2.829,17.317,18.063,11,Yes,Yes,No,Yes,No,No,Yes,Yes,No,No,Yes,39,27,12,825,3/1/2018,2:20 PM
4/10/2018 16:19,4/10/2018 16:36,IP Address,144.121.36.238,100,1063,TRUE,4/10/2018 16:36,R_3k4wD6O0zS7azyx,,,,,42.19509888,-72.10379791,anonymous,EN,856.053,866.877,868.2,3,4/10/2018,127,Morph21,0,0,13.185,0,3.656,26.392,27.35,11,No,No,Yes,Yes,Yes,Yes,No,No,Yes,No,Yes,2.894,31.991,33.807,11,No,Yes,Yes,No,No,Yes,No,No,Yes,No,No,1.616,25.952,26.843,11,Yes,Yes,No,No,No,No,No,Yes,Yes,Yes,No,1.67,21.942,22.252,15,No,No,No,Yes,No,No,No,No,Yes,No,Yes,5.849,27.825,29.503,14,No,No,Yes,No,No,Yes,No,No,No,No,Yes,1.695,28.126,28.964,12,Yes,No,Yes,No,Yes,No,No,Yes,No,No,No,50,16,34,1063,4/10/2018,4:36 PM
4/21/2018 8:47,4/21/2018 10:40,IP Address,144.121.36.252,100,6771,TRUE,4/21/2018 10:40,R_3n2fRuq0l7cyiJm,,,,,42.48779297,-71.27639771,anonymous,EN,4512.917,4525.865,4527.868,2,4/21/2018,128,Morph21,0,0,9.384,0,2.143,22.758,25.907,12,No,No,No,Yes,Yes,No,Yes,No,Yes,No,Yes,3.659,14.342,15.342,13,No,No,Yes,No,No,No,No,No,Yes,No,No,1.166,13.683,15.643,12,Yes,Yes,No,No,No,No,No,No,Yes,Yes,No,2.937,17.556,18.639,13,No,No,No,Yes,No,No,No,No,Yes,No,Yes,2.103,14.829,16.502,11,No,Yes,Yes,No,No,No,No,No,No,No,Yes,1.848,15.646,17.211,12,Yes,No,Yes,No,Yes,No,No,No,No,No,No,49,17,32,6771,4/21/2018,10:40 AM
7/17/2018 12:58,7/17/2018 14:44,IP Address,144.121.36.225,100,6353,TRUE,7/17/2018 14:44,R_9HvmwWvZ2GvPVL3,,,,,42.19509888,-72.10379791,anonymous,EN,3432.213,3439.646,3450.307,3,7/17/2018,129,Morph21,0,0,9.29,0,2.666,15.947,17.557,13,No,No,No,No,No,No,Yes,No,No,No,No,1.454,15.122,16.584,13,No,No,Yes,No,No,No,No,No,Yes,No,No,1.62,13.048,14.112,11,Yes,Yes,No,No,No,No,No,No,No,No,No,1.512,14.191,15.636,13,No,No,No,Yes,No,No,No,No,Yes,No,Yes,0.876,11.459,13.039,14,No,No,No,No,No,No,No,No,No,No,Yes,1.563,13.467,14.446,13,Yes,No,No,No,No,No,No,No,No,No,No,41,25,16,6353,7/17/2018,2:44 PM
7/19/2018 12:08,7/19/2018 14:39,IP Address,144.121.36.227,100,9113,TRUE,7/19/2018 14:39,R_1pQ02AsDkEVH9oI,,,,,42.19509888,-72.10379791,anonymous,EN,799.02,2831.233,2832.346,3,7/19/2018,130,Morph21,0,0,5.851,0,2.04,17.2,18.393,11,No,No,No,No,Yes,No,No,Yes,No,No,No,2.18,16.747,18.11,11,No,No,Yes,No,No,No,No,No,Yes,No,No,1.547,17.712,19.21,11,Yes,Yes,No,No,No,No,No,No,No,No,No,1.378,15.748,17.393,11,No,No,No,Yes,No,No,No,No,Yes,No,Yes,1.777,16.514,18.029,11,No,Yes,Yes,No,No,No,No,No,No,No,Yes,2.095,15.395,16.455,11,Yes,No,Yes,No,Yes,Yes,No,No,No,No,No,49,17,32,9113,7/19/2018,2:39 PM
7/20/2018 9:19,7/20/2018 11:52,IP Address,144.121.36.253,100,9183,TRUE,7/20/2018 11:52,R_3phZoCH8s7DC4sQ,,,,,42.19509888,-72.10379791,anonymous,EN,6224.094,6235.358,6236.823,3,7/20/2018,131,Morph21,0,0,9.8,0,1.762,27.897,29.009,14,No,No,No,No,Yes,No,Yes,No,No,Yes,No,2.18,23.559,25.016,13,Yes,No,Yes,Yes,Yes,No,No,No,No,No,Yes,1.104,18.843,19.833,12,Yes,Yes,No,No,No,No,No,No,No,No,No,2.164,21.177,22.743,11,Yes,No,No,Yes,Yes,No,No,No,Yes,No,Yes,1.085,21.555,22.814,17,No,No,No,No,Yes,No,No,No,No,No,No,1.804,19.204,19.734,13,Yes,No,Yes,Yes,No,No,No,No,No,No,No,36,30,6,9183,7/20/2018,11:52 AM
7/23/2018 9:48,7/23/2018 11:36,IP Address,144.121.36.247,100,6510,TRUE,7/23/2018 11:36,R_0VUKEzDqys4AaFH,,,,,42.19509888,-72.10379791,anonymous,EN,6774.618,6784.184,6784.952,4,7/23/2018,132,Morph21,0,0,6.509,0,2.315,14.765,15.69,11,No,No,No,No,Yes,Yes,No,No,Yes,Yes,Yes,1.619,11.857,12.628,11,No,No,Yes,No,No,No,No,No,Yes,No,Yes,1.163,11.754,13.861,12,Yes,Yes,No,No,No,No,No,Yes,Yes,No,No,1.701,17.846,18.083,15,No,No,No,Yes,Yes,No,No,Yes,No,No,Yes,1.684,13.271,14.074,12,Yes,Yes,No,No,No,No,No,No,Yes,No,No,0.891,10.751,11.358,12,Yes,No,Yes,No,No,No,No,No,No,Yes,No,43,23,20,6510,7/23/2018,11:36 AM
7/30/2018 12:59,7/30/2018 13:51,IP Address,144.121.36.240,100,3108,TRUE,7/30/2018 13:51,R_2yrsH5G9Hz1DOsA,,,,,42.19509888,-72.10379791,anonymous,EN,1569.075,1577.646,1578.567,2,30-Jul-18,133,Morph21,0,0,1407.977,0,2.096,21.543,23.734,14,No,No,Yes,No,Yes,No,No,No,Yes,Yes,Yes,1.203,15.244,16.439,11,No,No,Yes,No,Yes,No,Yes,No,Yes,No,No,1.2,14.448,15.636,11,Yes,Yes,No,No,No,No,No,Yes,Yes,Yes,Yes,1.454,21.82,22.953,14,No,No,Yes,Yes,No,No,No,Yes,Yes,No,Yes,1.055,14.313,15.428,12,Yes,Yes,Yes,No,Yes,No,No,No,No,No,Yes,1.06,15.323,15.88,12,Yes,Yes,Yes,No,Yes,Yes,No,Yes,No,No,No,62,4,58,3108,7/30/2018,1:51 PM
8/1/2018 13:23,8/1/2018 14:02,IP Address,144.121.36.242,100,2313,TRUE,8/1/2018 14:02,R_1rCbSioGsZuyjPi,,,,,42.19509888,-72.10379791,anonymous,EN,2202.44,2209.328,2210.306,3,8/1/2018,134,Morph21,0,0,1.401,0,2.769,16.321,17.221,11,No,No,No,Yes,Yes,No,No,No,Yes,No,No,1.226,13.212,14.519,14,No,No,Yes,No,No,No,No,No,Yes,No,Yes,0.911,19.419,20.461,15,Yes,Yes,No,No,No,No,No,Yes,No,No,Yes,0.956,11.892,12.607,12,No,Yes,No,Yes,No,No,No,No,Yes,No,Yes,1.111,11.239,12.364,12,Yes,Yes,Yes,No,Yes,No,No,No,No,No,Yes,0.978,11.986,13.673,12,Yes,No,Yes,No,Yes,No,No,No,No,No,No,49,17,32,2313,8/1/2018,2:02 PM
9/17/2018 15:21,9/17/2018 15:37,IP Address,144.121.36.241,100,950,TRUE,9/17/2018 15:37,R_AFGp0evGm0dntCx,,,,,42.48779297,-71.27639771,anonymous,EN,25.952,36.607,38.397,2,17-Sep-18,135,Morph21,0,0,713.516,0,6.332,58.004,58.818,12,No,No,No,No,No,No,No,No,No,No,No,2.538,40.874,41.673,11,No,No,Yes,No,No,Yes,No,No,No,No,No,1.307,21.93,22.807,11,Yes,Yes,No,No,Yes,No,Yes,No,No,No,No,1.74,24.309,25.275,11,No,No,No,Yes,No,No,No,No,Yes,No,Yes,1.455,18.736,20.013,12,No,Yes,Yes,No,Yes,No,No,No,No,No,Yes,1.472,17.399,18.837,11,Yes,No,No,No,No,No,No,No,No,No,No,41,25,16,950,9/17/2018,3:37 PM
9/26/2018 13:21,9/26/2018 14:53,IP Address,144.121.36.227,100,5516,TRUE,9/26/2018 14:53,R_2XibpgYajG7lB84,,,,,42.4427948,-71.23169708,anonymous,EN,5095.899,5108.266,5109.911,3,26-Sep-18,136,Morph21,0,0,294.297,0,1.214,18.35,19.298,13,No,No,Yes,No,Yes,No,No,No,No,No,No,0.842,18.445,19.529,12,No,No,Yes,No,No,No,No,No,Yes,No,No,0.935,11.959,13.284,11,Yes,No,No,No,No,No,No,No,No,No,No,1.367,17.742,19.187,16,No,No,No,Yes,No,No,No,No,No,No,Yes,1.372,12.555,13.624,11,No,No,No,No,No,No,No,No,No,No,Yes,0.955,13.189,14.883,12,Yes,No,Yes,No,No,No,No,No,No,No,No,43,23,20,5516,9/26/2018,2:53 PM
9/27/2018 13:13,9/27/2018 15:08,IP Address,144.121.36.235,100,6877,TRUE,9/27/2018 15:08,R_3D5vKhA5rR2xdB6,,,,,42.4427948,-71.23169708,anonymous,EN,4086.322,4097.944,4098.884,2,27-Sep-18,137,Morph21,0,0,354.087,0,1.45,13.609,15.033,11,No,No,Yes,No,Yes,No,No,No,No,No,No,1.577,16.009,17.732,11,No,No,Yes,No,No,No,No,No,Yes,No,No,1.049,22.127,23.627,14,Yes,Yes,No,No,No,No,No,No,No,No,No,0.752,14.929,16.035,13,No,Yes,No,Yes,No,Yes,No,No,Yes,No,Yes,1.073,12.232,13.4,12,Yes,No,No,No,No,No,No,No,No,No,Yes,2.311,14.673,15.462,13,Yes,No,Yes,No,No,No,No,Yes,No,No,No,47,19,28,6877,9/27/2018,3:08 PM
10/4/2018 13:29,10/4/2018 15:57,IP Address,144.121.36.232,100,8850,TRUE,10/4/2018 15:57,R_25AQ0tEBRlpZidS,,,,,42.4427948,-71.23169708,anonymous,EN,4591.058,4608.658,4618.244,3,4-Oct-18,138,Morph21,0,0,2660.332,0,5.162,15.618,16.759,11,No,No,No,No,No,No,No,No,No,No,No,1.528,14.896,15.692,12,No,No,Yes,No,Yes,No,No,No,Yes,No,No,1.078,14.75,15.618,13,Yes,No,No,No,No,No,No,No,Yes,No,No,1.053,12.788,13.88,12,No,No,No,Yes,No,No,No,No,Yes,No,Yes,0.992,16.911,17.701,13,No,Yes,Yes,No,No,No,No,No,No,No,No,1.014,15.526,16.37,13,Yes,No,Yes,No,No,No,No,No,No,No,No,45,21,24,8850,10/4/2018,3:57 PM
10/9/2018 13:20,10/9/2018 15:13,IP Address,144.121.36.234,100,6762,TRUE,10/9/2018 15:13,R_3F2UFxv0foz9upC,,,,,42.36709595,-72.46459961,anonymous,EN,5574.863,5583.127,5584.14,2,9-Oct-18,139,Morph21,0,0,225.958,0,1.714,15.25,16.4,12,No,No,No,No,Yes,No,No,No,Yes,No,No,1.274,19.561,20.893,14,No,No,Yes,No,No,No,No,No,Yes,No,Yes,1.031,13.775,14.773,13,Yes,Yes,No,No,No,No,No,No,Yes,No,No,0.848,21.1,22.502,13,No,No,No,Yes,No,No,No,No,Yes,No,Yes,1.201,16.17,17.122,12,No,Yes,Yes,No,No,No,No,No,No,No,Yes,1.066,16.155,17.294,15,Yes,No,Yes,No,No,No,No,No,No,No,No,47,19,28,6762,10/9/2018,3:13 PM
10/10/2018 13:28,10/10/2018 15:25,IP Address,144.121.36.227,100,7045,TRUE,10/10/2018 15:25,R_2BksMr5Vcyg7YN2,,,,,42.36709595,-72.46459961,anonymous,EN,52.157,5311.624,5312.517,3,10-Oct-18,140,Morph21,0,0,406.813,0,1.77,19.698,20.456,11,No,No,Yes,No,Yes,No,No,No,No,No,Yes,1.472,17.97,19.133,12,Yes,No,Yes,No,No,Yes,No,No,Yes,Yes,No,1.737,16.721,17.728,11,Yes,Yes,No,Yes,Yes,No,No,No,Yes,Yes,Yes,1.262,14.91,15.748,11,No,No,No,Yes,No,No,No,No,Yes,Yes,Yes,1.325,13.973,15.046,11,No,Yes,Yes,Yes,No,Yes,No,No,No,No,Yes,1.049,14.978,16.011,12,Yes,No,Yes,Yes,Yes,No,No,No,No,No,No,43,23,20,7045,10/10/2018,3:25 PM
10/17/2018 13:21,10/17/2018 15:11,IP Address,144.121.36.236,100,6604,TRUE,10/17/2018 15:11,R_2UixKBX9chK9Bep,,,,,42.31790161,-72.64019775,anonymous,EN,4288.089,4432.082,4433.012,3,17-Oct-18,141,Morph21,0,0,1060.494,0,12.434,42.17,43.64,12,No,No,No,No,No,No,No,No,No,No,No,1.821,17.637,18.817,12,No,No,Yes,No,No,No,No,No,Yes,No,No,1.317,18.622,19.78,11,Yes,Yes,No,No,Yes,No,No,No,Yes,No,No,0.928,18.616,19.845,12,No,No,No,Yes,Yes,No,No,No,No,No,Yes,1.622,20.109,21.281,12,No,No,No,No,No,No,No,No,No,Yes,Yes,2.191,20.295,21.646,11,Yes,No,Yes,No,Yes,No,No,No,No,No,No,41,25,16,6604,10/17/2018,3:11 PM
10/18/2018 15:25,10/18/2018 17:35,IP Address,144.121.36.243,100,7743,TRUE,10/18/2018 17:35,R_Anhc8M6sONA8U4F,,,,,42.31790161,-72.64019775,anonymous,EN,6237.008,6246.721,6248.221,3,10/18/2018,142,Morph21,0,0,635.277,0,1.8,18.004,19.671,12,No,No,Yes,Yes,No,No,Yes,No,Yes,No,Yes,0.819,14.771,15.605,11,No,No,Yes,No,Yes,No,Yes,No,Yes,No,No,0.763,15.507,16.821,12,Yes,Yes,No,No,No,No,No,No,No,No,No,1.658,15.17,15.981,12,Yes,Yes,No,Yes,No,No,No,No,No,No,Yes,0.942,14.071,14.957,12,No,Yes,No,No,Yes,No,Yes,No,No,No,Yes,0.693,16.933,17.746,13,Yes,No,Yes,No,No,No,No,No,No,No,No,44,22,22,7743,10/18/2018,5:35 PM
10/31/2018 16:39,10/31/2018 17:05,IP Address,144.121.36.235,100,1544,TRUE,10/31/2018 17:05,R_bJi0BMXkDWHUDOV,,,,,42.19509888,-72.10379791,anonymous,EN,24.272,35.509,37.42,4,10/31/2018,143,Morph21,0,0,1394.887,0,1.943,20.198,20.522,15,No,No,No,No,No,No,No,No,No,No,No,1.201,18.506,19.408,14,No,No,Yes,No,No,No,No,No,Yes,No,No,0.967,13.406,14.63,13,Yes,No,No,No,No,No,No,No,No,No,No,1.038,13.413,14.491,14,No,No,No,Yes,No,No,No,No,No,No,Yes,1.312,13.272,14.785,15,No,No,No,No,No,No,No,No,No,No,Yes,0.698,13.857,15.023,14,No,No,No,No,No,No,No,No,No,No,No,39,27,12,1544,10/31/2018,5:05 PM
10/24/2018 13:31,10/24/2018 15:20,IP Address,144.121.36.224,100,6545,TRUE,10/24/2018 15:20,R_1eyLJ7p5obzi3te,,,,,42.36709595,-72.46459961,anonymous,EN,80.806,94.077,98.641,3,10/24/2018,144,Morph21,0,0,5277.36,0,2.583,25.655,26.856,15,No,No,Yes,No,Yes,No,No,No,No,No,No,1.622,20.197,22.345,12,No,No,Yes,Yes,No,No,No,No,Yes,No,No,1.848,20.368,22.021,12,Yes,Yes,No,No,No,No,No,No,Yes,Yes,No,1.717,21.749,22.843,12,No,No,No,Yes,Yes,No,No,No,Yes,Yes,Yes,1.844,18.86,20.223,12,No,Yes,Yes,No,No,No,No,No,No,No,Yes,0.926,20.534,21.61,12,Yes,No,Yes,No,No,No,No,No,No,No,No,46,20,26,6545,10/24/2018,3:20 PM
10/25/2018 13:30,10/25/2018 15:18,IP Address,144.121.36.236,100,6462,TRUE,10/25/2018 15:18,R_30qMAEyuCe12VUn,,,,,42.19509888,-72.10379791,anonymous,EN,3171.241,3184.391,3193.784,3,25-Oct-18,145,Morph21,0,0,2054.776,0,4.373,16.343,17.017,11,No,No,No,No,No,No,No,No,No,No,No,1.757,15.813,16.898,13,No,No,Yes,No,No,Yes,No,No,Yes,No,No,1.247,11.56,12.467,13,Yes,No,No,No,No,No,No,No,Yes,No,No,0.907,14.219,15.26,12,No,No,No,No,No,No,No,No,Yes,No,No,1.075,10.94,12.034,11,No,No,No,No,No,No,No,No,No,No,No,1.105,10.298,11.927,11,Yes,No,No,No,No,No,No,No,No,No,No,38,28,10,6462,10/25/2018,3:18 PM
10/29/2018 13:14,10/29/2018 15:37,IP Address,144.121.36.245,100,8580,TRUE,10/29/2018 15:37,R_BE2sBmRftDoevoB,,,,,42.36709595,-72.46459961,anonymous,EN,3823.775,3840.526,3841.669,2,29-Oct-18,146,Morph21,0,0,3556.884,0,1.497,17.433,18.473,11,No,No,No,No,No,No,No,No,No,No,No,1.402,19.155,20.666,15,No,No,Yes,No,No,No,No,No,Yes,No,No,2.109,16.486,17.566,13,Yes,No,No,No,No,No,No,No,Yes,No,No,2.511,16.991,17.411,13,No,No,No,Yes,No,No,No,No,No,No,No,5.414,18.518,19.554,12,No,No,No,No,No,No,No,No,No,No,Yes,2.374,16.151,17.037,11,Yes,No,Yes,No,No,No,No,No,No,No,No,41,25,16,8580,10/29/2018,3:37 PM
10/30/2018 13:20,10/30/2018 15:08,IP Address,144.121.36.227,100,6528,TRUE,10/30/2018 15:08,R_23dGzyBX7ZMBety,,,,,42.36709595,-72.46459961,anonymous,EN,6035.319,6040.727,6042.09,3,30-Oct-18,147,Morph21,0,0,327.373,0,1.196,29.963,30.785,11,No,Yes,No,No,Yes,No,Yes,Yes,No,Yes,Yes,1.226,19.435,20.629,12,No,No,Yes,No,Yes,Yes,No,No,Yes,Yes,Yes,1.111,21.334,22.482,11,Yes,Yes,No,No,No,No,Yes,No,Yes,Yes,No,2.392,25.896,26.949,14,No,Yes,No,Yes,No,Yes,No,Yes,No,No,Yes,12.225,28.824,29.893,13,No,No,No,No,No,No,No,No,No,Yes,No,1.601,14.405,15.451,13,Yes,No,No,No,Yes,No,No,No,No,No,No,40,26,14,6528,10/30/2018,3:08 PM
10/31/2018 13:27,10/31/2018 16:40,IP Address,144.121.36.235,6,11592,FALSE,11/7/2018 15:40,R_ZdGxzo3T8I608oh,,,,,,,anonymous,EN,116.42,124.123,126.714,4,10/31/2018,148,Morph21,,,,,,,,,,,,,,,,,,,,,,,,,,,,,,,,,,,,,,,,,,,,,,,,,,,,,,,,,,,,,,,,,,,,,,,,,,,,,,,,,,,,,,,,,,,,,,,0,0,0,11592,,
11/9/2018 13:20,11/9/2018 15:49,IP Address,144.121.36.229,100,8920,TRUE,11/9/2018 15:49,R_xocKyDAwMNGVpKx,,,,,42.19509888,-72.10379791,anonymous,EN,59.076,68.659,69.806,5,11/9/2018,150,Morph21,0,0,7831.908,0,8.062,40.858,42.382,15,No,No,No,No,Yes,No,No,No,No,No,Yes,1.628,28.549,30.178,11,No,No,Yes,Yes,No,Yes,No,No,Yes,No,Yes,1.273,21.625,22.4,13,Yes,Yes,Yes,No,No,No,No,No,Yes,Yes,No,2.86,25.148,27.16,14,No,No,No,Yes,Yes,No,No,No,Yes,No,Yes,1.778,25.003,27.082,12,Yes,No,No,No,No,No,No,No,No,No,Yes,1.225,18.784,20.783,11,Yes,No,No,No,No,No,No,No,No,No,No,42,24,18,8920,11/9/2018,3:49 PM
11/12/2018 13:21,11/13/2018 15:13,IP Address,144.121.36.233,100,93092,TRUE,11/13/2018 15:13,R_33vhdnTAiq9fAYh,,,,,42.36709595,-72.46459961,anonymous,EN,2650.736,2664.808,2665.937,4,12-Nov-18,151,Morph21,7747.889,7748.128,13753.856,2,1.362,35.306,36.952,15,No,Yes,No,Yes,No,No,Yes,No,Yes,No,Yes,1.982,21.525,22.051,14,No,No,Yes,No,Yes,Yes,No,No,Yes,No,No,1.597,16.982,17.423,12,Yes,Yes,No,No,No,No,No,No,Yes,No,No,1.477,19.917,21.29,16,No,No,No,Yes,No,No,No,No,No,Yes,Yes,1.148,16.851,17.935,12,No,No,No,No,No,No,No,No,No,No,Yes,1.278,16.96,17.885,14,No,No,No,No,No,No,No,No,No,No,No,39,27,12,93092,11/13/2018,3:13 PM
11/14/2018 6:43,11/14/2018 15:25,IP Address,144.121.36.231,100,31337,TRUE,11/14/2018 15:25,R_097c1IaCZosdh29,,,,,42.36709595,-72.46459961,anonymous,EN,11519.667,11532.347,11533.938,4,11/14/2018,153,Morph21,0,0,66.823,0,4.25,29.122,30.632,12,No,No,Yes,No,Yes,No,No,No,Yes,Yes,No,0.984,20.304,21.614,11,No,Yes,Yes,No,Yes,No,Yes,No,Yes,No,No,1.09,18.309,21.011,13,Yes,Yes,No,Yes,No,No,No,No,Yes,No,Yes,1.463,16.526,18.164,12,No,No,No,Yes,No,Yes,No,No,Yes,No,Yes,2.458,19.337,20.264,14,Yes,Yes,Yes,No,Yes,No,No,No,No,No,Yes,1.218,22.61,23.88,12,Yes,Yes,Yes,No,Yes,No,No,No,No,No,No,56,10,46,31337,11/14/2018,3:25 PM
11/28/2018 13:53,11/28/2018 15:52,IP Address,144.121.36.249,100,7133,TRUE,11/28/2018 15:52,R_3ZUCyNQLjjcUIIF,,,,,42.31790161,-72.64019775,anonymous,EN,4936.714,4941.809,6280.642,3,11/28/2018,154,Morph21,0,0,575.494,0,7.254,23.341,25.218,11,No,No,No,No,No,No,No,No,No,No,No,1.223,16.336,17.724,11,No,No,Yes,No,No,No,No,No,Yes,No,No,1.43,23.686,25.002,14,Yes,No,No,No,No,No,No,No,No,No,No,0.955,18.059,19.343,11,No,No,No,No,No,No,No,No,No,No,Yes,1.028,17.565,18.713,12,No,No,No,No,No,No,No,No,No,No,Yes,1.084,17.371,18.618,12,Yes,No,No,No,No,No,No,No,No,No,No,39,27,12,7133,11/28/2018,3:52 PM
12/3/2018 7:44,12/4/2018 15:01,IP Address,144.121.36.224,100,112641,TRUE,12/4/2018 15:01,R_1DtEWK9RQDSqrQQ,,,,,42.31790161,-72.64019775,anonymous,EN,23107.267,23115.067,23116.641,3,12/4/2018,155,Morph21,0,0,634.458,0,2.466,16.282,18.224,12,No,No,No,No,Yes,No,No,No,No,No,No,1.946,22.266,22.5,13,No,No,Yes,No,No,No,No,No,Yes,No,No,1.433,14.464,15.438,14,Yes,Yes,No,No,No,No,No,No,Yes,No,Yes,8.51,25.597,27.092,11,No,No,No,Yes,No,No,No,No,Yes,No,Yes,1.15,13.001,13.558,12,No,No,No,No,No,No,No,No,No,No,No,1.232,17.544,22.31,13,Yes,No,Yes,No,No,No,No,No,No,No,No,45,21,24,112641,12/4/2018,3:01 PM
1/31/2019 11:21,1/31/2019 11:49,IP Address,144.121.36.233,100,1637,TRUE,1/31/2019 11:49,R_3oGcZvnzNFaogWZ,,,,,42.31790161,-72.64019775,anonymous,EN,27.578,33.922,35.207,3,1/30/2019,156,Morph21,0,0,575.49,0,3.508,31.418,32.987,11,Yes,No,Yes,Yes,Yes,No,No,No,No,Yes,Yes,2.305,18.355,19.341,11,No,No,Yes,Yes,No,No,No,No,Yes,Yes,Yes,2.181,21.776,22.623,12,Yes,Yes,No,Yes,No,No,Yes,Yes,Yes,No,No,1.589,31.11,32.551,11,No,Yes,No,Yes,Yes,No,No,No,Yes,No,Yes,2.313,28.884,30.373,14,No,No,Yes,No,Yes,No,No,No,Yes,No,Yes,1.165,13.563,15.436,11,Yes,No,No,Yes,No,No,No,Yes,No,No,No,38,28,10,1637,1/31/2019,11:49 AM
2/4/2019 13:33,2/4/2019 14:21,IP Address,144.121.36.250,100,2890,TRUE,2/4/2019 14:21,R_1CC1wg7cJTA8oli,,,,,42.31790161,-72.64019775,anonymous,EN,27.27,32.724,33.605,3,2/4/2019,157,Morph21,0,0,2644.23,0,3.183,17.567,18.999,12,No,No,No,Yes,Yes,No,Yes,No,No,No,No,1.676,17.805,19.457,12,No,No,Yes,Yes,Yes,Yes,No,No,No,No,No,1.436,14.923,16.048,11,Yes,Yes,No,No,No,No,No,Yes,Yes,Yes,No,1.372,14.342,15.77,11,No,Yes,No,Yes,No,No,No,No,Yes,No,Yes,1.326,15.262,16.418,13,No,No,No,No,Yes,Yes,No,No,No,No,Yes,1.619,15.939,17.786,11,Yes,No,No,No,No,No,No,No,No,No,No,41,25,16,2890,2/4/2019,2:21 PM
2/5/2019 11:37,2/5/2019 11:56,IP Address,144.121.36.250,100,1111,TRUE,2/5/2019 11:56,R_UW41Cfxb8eKj5OF,,,,,42.31790161,-72.64019775,anonymous,EN,11.845,17.661,18.702,4,2/5/2019,158,Morph21,0,0,830.828,0,10.612,139.572,140.833,14,No,No,No,No,Yes,No,No,No,No,Yes,No,1.706,28.25,28.687,15,No,No,Yes,No,No,No,No,No,No,No,Yes,1.009,21.353,22.573,11,Yes,Yes,Yes,Yes,No,No,No,No,Yes,No,No,2.793,20.896,22.07,12,No,No,No,Yes,No,No,No,No,Yes,No,Yes,1.037,14.518,15.929,12,No,No,No,No,No,No,No,No,No,No,No,1.649,21.129,21.509,12,Yes,No,No,No,No,No,No,No,No,No,No,38,28,10,1111,2/5/2019,11:56 AM
2/19/2019 11:28,2/19/2019 11:33,IP Address,144.121.36.255,100,309,TRUE,2/19/2019 11:33,R_e2jf1XWBj4wwlKF,,,,,42.36709595,-72.46459961,anonymous,EN,2.07,12.015,16.936,3,2/19/2019,159,Morph21,0,0,174.042,0,2.128,18.952,20.075,14,No,Yes,Yes,No,Yes,No,No,No,No,No,No,1.686,16.758,17.655,13,No,No,Yes,No,No,No,Yes,No,Yes,No,No,1.385,18.12,18.853,15,Yes,Yes,No,No,No,No,No,Yes,Yes,No,No,0.785,14.409,15.353,14,No,No,No,Yes,No,No,No,Yes,Yes,No,Yes,1.077,18.326,19.257,16,Yes,Yes,Yes,No,No,No,No,No,No,No,Yes,1.308,16.692,17.068,15,Yes,No,Yes,No,Yes,No,No,No,No,No,No,52,14,38,309,2/19/2019,11:33 AM
2/21/2019 16:38,2/21/2019 16:47,IP Address,144.121.36.238,100,523,TRUE,2/21/2019 16:47,R_3RyW7syZcWM6Gaa,,,,,42.36709595,-72.46459961,anonymous,EN,12.508,17.9,19.099,3,2/21/2019,160,Morph21,0,0,337.886,0,3.495,25.135,25.911,17,No,No,Yes,Yes,Yes,No,No,No,No,Yes,No,1.336,11.847,13.213,11,No,No,Yes,No,No,No,No,No,Yes,No,No,1.137,59.626,60.608,11,Yes,Yes,No,No,Yes,No,No,Yes,Yes,No,No,3.862,15.134,15.919,12,No,No,No,Yes,Yes,No,No,No,Yes,No,Yes,1.113,11.441,12.267,13,No,Yes,No,No,No,No,No,No,No,No,Yes,0.865,26.185,27.342,15,No,No,Yes,No,Yes,No,No,No,No,No,No,44,22,22,523,2/21/2019,4:47 PM
2/22/2019 12:35,3/2/2019 13:06,IP Address,144.121.36.250,9,693040,FALSE,3/9/2019 13:06,R_2vd1KFP9CjyhHUK,,,,,,,anonymous,EN,10.893,16.02,17.011,3,2/22/2019,161,Morph21,0,0,3.621,0,,,,,,,,,,,,,,,,,,,,,,,,,,,,,,,,,,,,,,,,,,,,,,,,,,,,,,,,,,,,,,,,,,,,,,,,,,,,,,,,,,,,,,,,,,,0,0,0,693040,,
2/28/2019 11:08,2/28/2019 11:27,IP Address,144.121.36.224,6,1169,FALSE,3/7/2019 11:28,R_31Gm6bAG47FWAcF,,,,,,,anonymous,EN,1.063,10.105,11.199,3,2/28/2019,162,Morph21,,,,,,,,,,,,,,,,,,,,,,,,,,,,,,,,,,,,,,,,,,,,,,,,,,,,,,,,,,,,,,,,,,,,,,,,,,,,,,,,,,,,,,,,,,,,,,,0,0,0,1169,,
2/28/2019 20:59,2/28/2019 21:12,IP Address,144.121.36.247,100,787,TRUE,2/28/2019 21:12,R_10TbxuMGhlgWsNW,,,,,42.36709595,-72.46459961,anonymous,EN,11.639,17.976,19.269,3,2/28/2019,163,Morph21,616.611,616.611,619.37,1,3.507,24.355,25.944,11,No,No,No,No,Yes,No,No,No,No,No,No,3.296,23.117,24.417,11,No,No,Yes,No,No,No,No,No,Yes,No,No,1.913,20.216,21.706,11,Yes,Yes,No,No,No,No,No,No,Yes,Yes,No,2.109,24.38,26.381,12,No,No,No,Yes,No,No,No,No,Yes,No,Yes,1.776,15.526,17.093,11,No,Yes,No,No,Yes,No,No,No,No,No,Yes,1.864,19.801,21.07,11,Yes,No,Yes,No,Yes,No,No,No,No,No,No,49,17,32,787,2/28/2019,9:12 PM
3/2/2019 14:13,3/2/2019 14:17,IP Address,144.121.36.250,100,269,TRUE,3/2/2019 14:17,R_1oqlWYkSzmlfUQF,,,,,42.36709595,-72.46459961,anonymous,EN,31.695,36.51,37.241,4,3/2/2019,164,Morph21,0,0,55.72,0,21.329,67.96,70.745,14,No,No,No,Yes,No,No,No,No,No,No,Yes,2.784,18.912,20.884,11,No,No,Yes,No,No,No,No,Yes,Yes,No,Yes,1.288,16.976,18.066,11,Yes,Yes,No,No,No,No,No,No,Yes,Yes,No,4.342,18.005,20.802,13,No,No,No,Yes,Yes,No,No,No,Yes,No,Yes,4.552,17.426,19.484,11,No,No,Yes,No,No,No,No,No,No,No,Yes,1.697,14.545,15.901,11,Yes,No,Yes,No,No,No,No,No,No,No,Yes,42,24,18,269,3/2/2019,2:17 PM
3/2/2019 13:06,3/2/2019 14:12,IP Address,144.121.36.250,6,3985,FALSE,3/9/2019 14:12,R_0JoQTuvc5INcoU1,,,,,,,anonymous,EN,6.887,1902.42,1903.397,3,3/2/2019,164,Morph21,,,,,,,,,,,,,,,,,,,,,,,,,,,,,,,,,,,,,,,,,,,,,,,,,,,,,,,,,,,,,,,,,,,,,,,,,,,,,,,,,,,,,,,,,,,,,,,0,0,0,3985,,
3/5/2019 11:18,3/5/2019 11:33,IP Address,144.121.36.228,100,889,TRUE,3/5/2019 11:33,R_3mfz7XJ9GP8Zm5u,,,,,42.31790161,-72.64019775,anonymous,EN,21.142,26.621,27.477,4,3/5/2019,165,Morph21,727.465,727.465,732.501,1,1.635,14.203,15.508,12,No,No,No,Yes,No,No,No,No,No,No,No,1.664,20.087,20.931,11,No,No,Yes,No,No,Yes,No,No,Yes,No,Yes,0.989,18.821,20.322,11,Yes,Yes,No,Yes,No,No,No,Yes,No,Yes,No,6.935,26.167,27.337,14,No,No,No,Yes,No,No,No,No,Yes,No,Yes,1.338,22.074,22.958,14,No,No,No,Yes,Yes,No,No,No,Yes,No,Yes,1.147,14.154,14.997,12,Yes,No,Yes,No,No,No,No,No,No,No,No,40,26,14,889,3/5/2019,11:33 AM
3/21/2019 15:35,3/21/2019 15:56,IP Address,144.121.36.237,100,1254,TRUE,3/21/2019 15:56,R_1r67wBiuxwYhPAX,,,,,42.31790161,-72.64019775,anonymous,EN,23.777,31.049,32.273,3,3/21/2019,167,Morph21,0,0,1097.501,0,3.077,25.629,26.755,12,No,Yes,Yes,No,No,No,No,No,Yes,No,No,2.061,16.157,17.298,12,No,No,Yes,Yes,No,No,No,No,No,No,No,1.078,14.645,16.846,11,Yes,Yes,No,No,Yes,No,No,Yes,Yes,Yes,No,1.234,15.091,16.315,13,No,Yes,No,Yes,Yes,No,No,No,No,No,Yes,1.107,17.578,21.824,16,Yes,No,No,No,No,No,No,No,No,No,No,0.965,12.973,14.713,13,Yes,No,No,No,No,Yes,No,No,No,No,No,41,25,16,1254,3/21/2019,3:56 PM
3/25/2019 13:42,3/25/2019 14:29,IP Address,144.121.36.248,100,2834,TRUE,3/25/2019 14:29,R_1jWkQGw1hebQUyb,,,,,42.31790161,-72.64019775,anonymous,EN,75.648,81.006,81.794,4,3/25/2019,168,Morph21,0,0,2132.882,0,15.561,44.8,45.783,11,No,No,No,No,Yes,No,No,No,No,No,No,13.59,30.917,32.266,11,No,No,Yes,No,No,No,No,No,Yes,No,No,2.533,30.012,30.976,11,Yes,Yes,No,No,No,No,No,No,No,No,Yes,11.274,31.193,32.894,16,No,No,No,No,Yes,No,No,No,Yes,No,Yes,14.289,32.769,33.933,14,No,No,Yes,No,No,No,No,No,No,No,Yes,12.447,29.222,30.875,12,Yes,No,Yes,No,No,No,No,No,No,No,No,44,22,22,2834,3/25/2019,2:29 PM
3/26/2019 11:22,3/26/2019 11:38,IP Address,144.121.36.230,100,975,TRUE,3/26/2019 11:38,R_3JJEabUq5cNzdRy,,,,,42.31790161,-72.64019775,anonymous,EN,11.086,17.814,18.831,3,3/26/2019,169,Morph21,0,0,793.18,0,5.1,38.684,40.312,20,No,Yes,Yes,No,Yes,No,No,No,No,No,No,1.796,26.844,28.208,23,No,No,Yes,No,No,Yes,No,Yes,Yes,No,No,1.538,23.323,25.143,13,Yes,Yes,No,Yes,No,No,No,No,No,No,No,1.734,22.782,24.369,14,No,Yes,No,Yes,No,No,No,No,Yes,No,Yes,1.334,19.718,20.77,12,No,Yes,Yes,No,Yes,No,No,No,No,No,Yes,1.25,12.892,14.121,13,Yes,No,Yes,No,No,No,No,No,No,No,No,43,23,20,975,3/26/2019,11:38 AM
4/2/2019 11:04,4/2/2019 11:18,IP Address,144.121.36.232,100,826,TRUE,4/2/2019 11:18,R_3D0f4rCO1vl4NZB,,,,,42.31790161,-72.64019775,anonymous,EN,7.743,13.674,15.261,4,4/2/2019,170,Morph21,0,0,698.761,0,2.125,17.492,18.744,11,No,No,No,No,No,No,No,No,No,No,No,1.499,15.654,17.061,11,No,No,Yes,No,No,No,No,No,Yes,No,No,1.006,14.492,16.109,11,Yes,No,No,No,No,No,No,No,Yes,No,No,1.227,15.471,16.994,11,No,No,No,Yes,No,No,No,No,Yes,No,Yes,1.502,14.349,16.172,11,No,No,No,No,No,No,No,No,No,No,Yes,1.308,15.013,16.174,11,Yes,No,Yes,No,No,No,No,No,No,No,No,43,23,20,826,4/2/2019,11:18 AM
4/9/2019 10:37,4/9/2019 11:32,IP Address,144.121.36.243,100,3299,TRUE,4/9/2019 11:32,R_T5Unimv72inS2R3,,,,,42.31790161,-72.64019775,anonymous,EN,1832.846,1839.749,1840.703,3,4/9/2019,171,Morph21,0,0,455.323,0,24.097,54.242,55.818,11,No,No,No,No,No,No,No,No,No,No,No,2.532,26.836,33.744,14,No,No,Yes,No,No,No,No,No,Yes,No,No,3.162,27.867,34.64,12,Yes,No,No,No,No,No,No,No,No,No,No,2.349,24.868,42.12,11,No,No,No,No,No,No,No,No,No,No,Yes,2.895,33.679,43.356,11,No,No,No,No,No,No,No,No,No,No,No,25.484,42.676,44.879,11,No,No,No,No,No,No,No,No,No,No,No,37,29,8,3299,4/9/2019,11:32 AM
4/11/2019 11:07,4/11/2019 11:22,IP Address,144.121.36.238,100,898,TRUE,4/11/2019 11:22,R_3fSFRKKzP0GmzqH,,,,,42.31790161,-72.64019775,anonymous,EN,8.978,13.792,14.801,2,4/11/2019,172,Morph21,0,0,778.455,0,1.864,15.56,15.979,12,No,No,No,No,No,No,No,No,No,No,No,1.25,11.85,14.23,11,No,No,No,No,No,No,No,No,Yes,No,No,1.224,17.092,19.362,11,Yes,Yes,No,No,No,No,No,Yes,Yes,No,No,2.148,14.476,15.779,13,No,No,No,No,No,No,No,No,No,No,Yes,0.949,13.732,14.912,11,No,No,Yes,No,Yes,No,No,No,No,No,Yes,0.929,12.289,13.158,11,Yes,No,Yes,No,No,No,No,No,No,No,No,44,22,22,898,4/11/2019,11:22 AM
4/23/2019 11:24,4/23/2019 11:42,IP Address,144.121.36.232,100,1080,TRUE,4/23/2019 11:42,R_2tyf04nPNba2Laa,,,,,42.31790161,-72.64019775,anonymous,EN,9.782,16.861,18.046,3,4/23/2019,173,Morph21,0,0,913.716,0,4.615,24.222,28.308,11,No,No,Yes,No,Yes,No,No,No,No,No,No,1.466,31.513,33.022,15,No,No,Yes,Yes,No,Yes,No,No,Yes,No,No,1.087,20.201,21.814,14,Yes,Yes,No,No,No,No,No,No,Yes,Yes,No,1.445,18.23,19.133,11,No,No,No,Yes,Yes,No,No,No,Yes,No,Yes,1.061,17.46,18.472,14,No,No,No,No,No,No,No,No,No,No,Yes,1.204,16.444,17.805,11,Yes,No,Yes,No,No,No,No,No,No,No,No,44,22,22,1080,4/23/2019,11:42 AM
4/23/2019 12:16,4/23/2019 14:32,IP Address,144.121.36.232,100,8184,TRUE,4/23/2019 14:32,R_2A0YaNwGxja9Z8L,,,,,42.31790161,-72.64019775,anonymous,EN,3414.693,6497.072,6497.573,4,4/23/2019,174,Morph21,0,0,3.692,0,1.893,15.381,16.45,12,No,No,Yes,No,Yes,No,No,No,Yes,No,No,0.873,11.933,12.929,11,No,No,Yes,No,No,No,No,No,Yes,No,No,1.213,12.853,14.089,11,Yes,Yes,No,No,No,No,No,No,Yes,No,No,1.198,14.982,23.351,12,No,No,No,Yes,No,No,No,No,No,No,Yes,0.717,11.661,12.671,11,No,Yes,Yes,No,No,No,No,No,No,No,Yes,1.233,13.103,14.027,12,Yes,No,No,No,Yes,No,No,No,No,No,No,48,18,30,8184,4/23/2019,2:32 PM
4/25/2019 12:23,4/25/2019 14:50,IP Address,144.121.36.235,100,8813,TRUE,4/25/2019 14:50,R_26aHjCIODwsAHR6,,,,,42.31790161,-72.64019775,anonymous,EN,3929.349,3936.988,3938.107,3,4/25/2019,175,Morph21,3116.998,3117.438,3133.844,2,1.792,16.384,17.677,12,No,No,No,No,No,No,No,No,No,No,No,1.062,12.23,12.921,11,No,No,Yes,No,No,No,No,No,Yes,No,No,0.939,13.01,14.263,12,Yes,No,No,No,No,No,No,No,No,No,No,0.719,13.296,15.988,11,No,No,No,No,No,No,No,No,No,No,No,0.969,9.713,10.437,12,No,No,No,No,No,No,No,No,No,No,Yes,0.989,9.997,10.665,11,No,No,Yes,No,No,No,No,No,No,No,No,38,28,10,8813,4/25/2019,2:50 PM
5/6/2019 11:17,5/6/2019 11:28,IP Address,144.121.36.248,100,651,TRUE,5/6/2019 11:28,R_2uOF8oYR5EG40yh,,,,,42.31790161,-72.64019775,anonymous,EN,41.188,50.767,412.633,4,5/6/2019,176,Morph21,0,0,5.906,0,3.276,39.458,40.857,14,Yes,No,Yes,Yes,Yes,No,Yes,No,No,No,No,2.838,26.879,28.478,14,Yes,Yes,Yes,Yes,No,Yes,Yes,No,Yes,No,Yes,1.311,27.815,29.218,15,Yes,Yes,No,No,Yes,Yes,Yes,No,Yes,Yes,No,2.408,38.894,41.796,19,Yes,Yes,Yes,Yes,No,Yes,No,Yes,Yes,Yes,Yes,1.923,34.163,36.14,28,No,Yes,Yes,No,No,No,Yes,No,Yes,Yes,Yes,3.358,31.641,36.12,24,Yes,No,Yes,Yes,Yes,No,No,No,Yes,No,No,37,29,8,651,5/6/2019,11:28 AM
4/30/2019 12:26,5/2/2019 12:20,IP Address,144.121.36.233,6,172438,FALSE,5/9/2019 12:20,R_2Qgpe1eYeXrVMB1,,,,,,,anonymous,EN,2878.907,2887.986,2889.122,3,4/30/2019,176,Morph21,,,,,,,,,,,,,,,,,,,,,,,,,,,,,,,,,,,,,,,,,,,,,,,,,,,,,,,,,,,,,,,,,,,,,,,,,,,,,,,,,,,,,,,,,,,,,,,0,0,0,172438,,
5/2/2019 11:14,5/2/2019 11:27,IP Address,144.121.36.226,100,790,TRUE,5/2/2019 11:27,R_2EoXx8SPmsfgWG5,,,,,42.31790161,-72.64019775,anonymous,EN,15.189,21.128,22.811,3,5/2/2019,177,Morph21,0,0,596.253,0,2.319,25.33,28.815,15,No,No,Yes,No,Yes,No,No,No,No,No,No,2.727,25.194,27.009,14,No,No,Yes,No,No,No,Yes,No,Yes,No,No,1.603,26.899,28.07,15,Yes,Yes,No,No,No,No,No,No,Yes,No,No,1.438,23.074,24.856,15,No,No,No,Yes,No,No,No,No,Yes,No,Yes,1.636,25.978,26.807,16,Yes,Yes,No,No,No,No,No,No,No,No,Yes,1.672,24.852,25.86,16,Yes,No,Yes,No,Yes,Yes,No,No,No,No,No,51,15,36,790,5/2/2019,11:27 AM
"{""ImportId"":""startDate"",""timeZone"":""America/Denver""}","{""ImportId"":""endDate"",""timeZone"":""America/Denver""}","{""ImportId"":""status""}","{""ImportId"":""ipAddress""}","{""ImportId"":""progress""}","{""ImportId"":""duration""}","{""ImportId"":""finished""}","{""ImportId"":""recordedDate"",""timeZone"":""America/Denver""}","{""ImportId"":""_recordId""}","{""ImportId"":""recipientLastName""}","{""ImportId"":""recipientFirstName""}","{""ImportId"":""recipientEmail""}","{""ImportId"":""externalDataReference""}","{""ImportId"":""locationLatitude""}","{""ImportId"":""locationLongitude""}","{""ImportId"":""distributionChannel""}","{""ImportId"":""userLanguage""}","{""ImportId"":""QID4_FIRST_CLICK""}","{""ImportId"":""QID4_LAST_CLICK""}","{""ImportId"":""QID4_PAGE_SUBMIT""}","{""ImportId"":""QID4_CLICK_COUNT""}","{""ImportId"":""QID1_TEXT""}","{""ImportId"":""QID2_TEXT""}","{""ImportId"":""QID3""}","{""ImportId"":""QID6_FIRST_CLICK""}","{""ImportId"":""QID6_LAST_CLICK""}","{""ImportId"":""QID6_PAGE_SUBMIT""}","{""ImportId"":""QID6_CLICK_COUNT""}","{""ImportId"":""QID8_FIRST_CLICK""}","{""ImportId"":""QID8_LAST_CLICK""}","{""ImportId"":""QID8_PAGE_SUBMIT""}","{""ImportId"":""QID8_CLICK_COUNT""}","{""ImportId"":""QID10""}","{""ImportId"":""QID21""}","{""ImportId"":""QID22""}","{""ImportId"":""QID23""}","{""ImportId"":""QID24""}","{""ImportId"":""QID25""}","{""ImportId"":""QID26""}","{""ImportId"":""QID27""}","{""ImportId"":""QID28""}","{""ImportId"":""QID29""}","{""ImportId"":""QID30""}","{""ImportId"":""QID31_FIRST_CLICK""}","{""ImportId"":""QID31_LAST_CLICK""}","{""ImportId"":""QID31_PAGE_SUBMIT""}","{""ImportId"":""QID31_CLICK_COUNT""}","{""ImportId"":""QID32""}","{""ImportId"":""QID33""}","{""ImportId"":""QID92""}","{""ImportId"":""QID34""}","{""ImportId"":""QID35""}","{""ImportId"":""QID36""}","{""ImportId"":""QID37""}","{""ImportId"":""QID38""}","{""ImportId"":""QID39""}","{""ImportId"":""QID40""}","{""ImportId"":""QID41""}","{""ImportId"":""QID93_FIRST_CLICK""}","{""ImportId"":""QID93_LAST_CLICK""}","{""ImportId"":""QID93_PAGE_SUBMIT""}","{""ImportId"":""QID93_CLICK_COUNT""}","{""ImportId"":""QID42""}","{""ImportId"":""QID44""}","{""ImportId"":""QID45""}","{""ImportId"":""QID46""}","{""ImportId"":""QID47""}","{""ImportId"":""QID48""}","{""ImportId"":""QID49""}","{""ImportId"":""QID50""}","{""ImportId"":""QID51""}","{""ImportId"":""QID52""}","{""ImportId"":""QID53""}","{""ImportId"":""QID94_FIRST_CLICK""}","{""ImportId"":""QID94_LAST_CLICK""}","{""ImportId"":""QID94_PAGE_SUBMIT""}","{""ImportId"":""QID94_CLICK_COUNT""}","{""ImportId"":""QID54""}","{""ImportId"":""QID56""}","{""ImportId"":""QID57""}","{""ImportId"":""QID58""}","{""ImportId"":""QID59""}","{""ImportId"":""QID60""}","{""ImportId"":""QID61""}","{""ImportId"":""QID62""}","{""ImportId"":""QID63""}","{""ImportId"":""QID64""}","{""ImportId"":""QID65""}","{""ImportId"":""QID95_FIRST_CLICK""}","{""ImportId"":""QID95_LAST_CLICK""}","{""ImportId"":""QID95_PAGE_SUBMIT""}","{""ImportId"":""QID95_CLICK_COUNT""}","{""ImportId"":""QID66""}","{""ImportId"":""QID68""}","{""ImportId"":""QID69""}","{""ImportId"":""QID70""}","{""ImportId"":""QID71""}","{""ImportId"":""QID72""}","{""ImportId"":""QID73""}","{""ImportId"":""QID74""}","{""ImportId"":""QID75""}","{""ImportId"":""QID76""}","{""ImportId"":""QID77""}","{""ImportId"":""QID96_FIRST_CLICK""}","{""ImportId"":""QID96_LAST_CLICK""}","{""ImportId"":""QID96_PAGE_SUBMIT""}","{""ImportId"":""QID96_CLICK_COUNT""}","{""ImportId"":""QID78""}","{""ImportId"":""QID80""}","{""ImportId"":""QID81""}","{""ImportId"":""QID82""}","{""ImportId"":""QID83""}","{""ImportId"":""QID84""}","{""ImportId"":""QID85""}","{""ImportId"":""QID86""}","{""ImportId"":""QID87""}","{""ImportId"":""QID88""}","{""ImportId"":""QID89""}","{""ImportId"":""SC_5o0bt8t78cwRItT""}","{""ImportId"":""SC_eWf9Zugxjy0l3Vj""}","{""ImportId"":""SC_bxfiu9cyK8xweHj""}","{""ImportId"":""Q_TotalDuration""}","{""ImportId"":""Date""}","{""ImportId"":""Time""}"
6/28/2017 9:12,6/28/2017 9:15,IP Address,74.8.89.37,100,205,TRUE,6/28/2017 9:15,R_3exkgDc8jvLbyLP,,,,,42.38960266,-72.45339966,anonymous,EN,2.305,55.355,57.756,4,6/28/2017,Joanna Morris,MorphIndDiff,0,0,3.566,0,4.7,21.694,23.781,11,No,No,Yes,No,Yes,No,No,No,No,No,No,2.092,15.374,16.312,12,No,No,Yes,No,Yes,No,Yes,No,Yes,No,No,2.174,17.468,18.512,11,Yes,Yes,No,No,No,No,No,Yes,Yes,Yes,Yes,1.832,18.105,20.619,11,No,No,Yes,Yes,No,Yes,No,Yes,Yes,No,Yes,2.249,37.624,38.98,11,Yes,Yes,Yes,No,Yes,No,No,No,No,No,Yes,2.456,18.887,20.561,11,Yes,No,Yes,No,Yes,Yes,No,No,No,No,No,60,6,54,205,6/28/2017,9:15 AM
6/28/2017 9:26,6/28/2017 9:40,IP Address,74.8.90.197,100,873,TRUE,6/28/2017 9:41,R_33eBJ6PHdH0PpFo,,,,,42.9703064,-72.27999878,anonymous,EN,9.301,20.668,21.751,2,6/28/2017,N/A,MorphIndDiff,0,0,699.388,0,3.422,21.845,22.806,11,No,No,No,No,Yes,No,No,No,Yes,No,Yes,4.534,25.692,35.74,11,No,No,Yes,No,No,No,No,No,Yes,No,No,2.44,16.303,17.224,11,Yes,Yes,No,No,No,No,No,No,Yes,No,No,1.926,20.065,21.071,11,No,No,No,Yes,No,No,No,No,Yes,No,Yes,2.305,16.034,17.108,11,No,Yes,Yes,No,Yes,No,No,No,No,No,Yes,1.958,31.459,33.671,11,Yes,No,Yes,No,Yes,No,No,No,No,No,No,51,15,36,873,6/28/2017,9:40 AM
Start Date,End Date,Response Type,IP Address,Progress,Duration (in seconds),Finished,Recorded Date,Response ID,Recipient Last Name,Recipient First Name,Recipient Email,External Data Reference,Location Latitude,Location Longitude,Distribution Channel,User Language,Timing - First Click,Timing - Last Click,Timing - Page Submit,Timing - Click Count,Date,Participant,Experiment,Timing - First Click,Timing - Last Click,Timing - Page Submit,Timing - Click Count,Timing - First Click,Timing - Last Click,Timing - Page Submit,Timing - Click Count,Ted Mantel,Larry Applegate,Kazuo Ishiguro,Scott Alexander,Gabriel Garcia Marquez,Stephen Houston,Walter LeMour,Herman Wouk,T.C. Boyle,Hiroyuki Oshita,Anne McCaffrey,Timing - First Click,Timing - Last Click,Timing - Page Submit,Timing - Click Count,Francine Preston,Nelson Demille,F. Scott Fitzgerald,Peter Flaegerty,Robert Ludlum,Elizabeth Engle,Umberto Eco,Jared Gibbons,J.R.R. Tolkien,Maryann Phillips,Anna Tsing,Timing - First Click,Timing - Last Click,Timing - Page Submit,Timing - Click Count,Ernest Hemingway,James Joyce,Beatrice Dobkin,Amy R. Baskin,Amy Graham,Seamus Huneven,Judith Stanley,Paul Theroux,E.B. White,Margaret Mitchell,Willa Cather,Timing - First Click,Timing - Last Click,Timing - Page Submit,Timing - Click Count,Jessica Ann Lewis,Leslie Kraus,James Michener,William Faulkner,Harriet Troudeau,James Clavell,Christina Johnson,Jackie Collins,Toni Morrison,Vikram Roy,Virginia Woolf,Timing - First Click,Timing - Last Click,Timing - Page Submit,Timing - Click Count,Raymond Chandler,John Grisham,Joyce Carol Oates,S.L. Holloway,Thomas Wolfe,David Ashley,Padraig O'seaghdha,Patrick Banville,Valerie Cooper,Jeremy Weissman,Ray Bradbury,Timing - First Click,Timing - Last Click,Timing - Page Submit,Timing - Click Count,Harper Lee,Tony Hillerman,Ayn Rand,Lisa Woodward,Nora Ephron,Wally Lamb,Craig DeLord,Jonathan Kellerman,Marion Coles Snow,Harry Coltheart,Antonia Cialdini,Correct,Incorrect,ART_TotalScore,Q_TotalDuration,Date,Time
2/5/2019 11:53,2/5/2019 11:53,IP Address,144.121.36.226,6,24,FALSE,2/12/2019 11:53,R_10GI1SZWZJnhW0S,,,,,,,anonymous,EN,1.87,3.041,5.564,2,,,,,,,,,,,,,,,,,,,,,,,,,,,,,,,,,,,,,,,,,,,,,,,,,,,,,,,,,,,,,,,,,,,,,,,,,,,,,,,,,,,,,,,,,,,,,,,,,,0,0,0,24,,
