base,word,Word.2,OkayToUse,Word.3,Condition,cond_trig,word_trig,complexity,affix,Source,FS,BF,LogBF,FS_Split,BF_Split,BaseLength,WholeFormLength,Sublist
dress, dressody, dressody,TRUE, DRESSODY,NW_L_SIMP,206,21,Simple,ory,Graves,33,3885,8.26,L,L,5.00,9.00,2
dress, dressory, dressory,TRUE, DRESSORY,NW_L_COMP,204,21,Complex,ory,Graves,33,3885,8.26,L,L,5.00,9.00,2
acre,acremant,acremant,TRUE,ACREMANT,NW_S_SIMP,205,16,Simple,ment,Rastle,3,708,6.56,S,L,4.00,8.00,2
acre,acrement,acrement,TRUE,ACREMENT,NW_S_COMP,203,16,Complex,ment,Rastle,3,708,6.56,S,L,4.00,8.00,2
add,addmant,addmant,TRUE,ADDMANT,NW_L_SIMP,206,13,Simple,ment,Crepaldi,10,5883,8.68,L,L,3.00,7.00,1
add,addment,addment,TRUE,ADDMENT,NW_L_COMP,204,13,Complex,ment,Crepaldi,10,5883,8.68,L,L,3.00,7.00,1
adopt,adopt,adoptish,FALSE,ADOPTISH,NW_S_COMP,203,19,Complex,ish,Rastle,4,1205,7.09,S,L,5.00,5.00,1
adopt,adoptish,adoptish,TRUE,ADOPTISH,NW_S_SIMP,205,19,Simple,ish,Rastle,4,1205,7.09,S,L,5.00,5.00,1
advertise,advertisela,advertisela,TRUE,ADVERTISELA,NW_S_SIMP,205,25,Simple,ly,XuTaft,4,4.76,1.56,S,S,9.00,11.00,2
advertise,advertisely,advertisely,TRUE,ADVERTISELY,NW_S_COMP,203,25,Complex,ly,XuTaft,4,4.76,1.56,S,S,9.00,11.00,2
agree,agreela,agreela,TRUE,AGREELA,NW_L_SIMP,206,24,Simple,ly,RastleFiller,9,4745,8.46,L,L,5.00,7.00,1
agree,agreely,agreely,TRUE,AGREELY,NW_L_COMP,204,24,Complex,ly,RastleFiller,9,4745,8.46,L,L,5.00,7.00,1
aid,aidic,aidic,TRUE,AIDIC,NW_S_COMP,203,4,Complex,ic,Crepaldi,4,1159,7.06,S,L,3.00,5.00,2
aid,aidig,aidig,TRUE,AIDIG,NW_S_SIMP,205,4,Simple,ic,Crepaldi,4,1159,7.06,S,L,3.00,5.00,2
altar,altaric,altaric,TRUE,ALTARIC,NW_S_COMP,203,7,Complex,ic,Crepaldi,2,403,6.00,S,S,5.00,7.00,1
altar,altarig,altarig,TRUE,ALTARIG,NW_S_SIMP,205,7,Simple,ic,Crepaldi,2,403,6.00,S,S,5.00,7.00,1
angel,angelish,angelish,TRUE,ANGELISH,NW_L_COMP,204,7,Complex,ish,Crepaldi,17,652,6.48,L,S,5.00,8.00,1
angel,angelith,angelith,TRUE,ANGELITH,NW_L_SIMP,206,7,Simple,ish,Crepaldi,17,652,6.48,L,S,5.00,8.00,1
ant,antilm,antilm,TRUE,ANTILM,NW_S_SIMP,205,8,Simple,ish,Crepaldi,1,206,5.33,S,S,3.00,6.00,1
ant,antism,antism,TRUE,ANTISM,NW_S_COMP,203,8,Complex,ish,Crepaldi,1,206,5.33,S,S,3.00,6.00,1
arid,aridilm,aridilm,TRUE,ARIDILM,NW_S_SIMP,205,9,Simple,ish,Crepaldi,3,100,4.61,S,S,4.00,7.00,1
arid,aridism,aridism,TRUE,ARIDISM,NW_S_COMP,203,9,Complex,ish,Crepaldi,3,100,4.61,S,S,4.00,7.00,1
band,bandady,bandady,TRUE,BANDADY,NW_L_SIMP,206,3,Simple,ary,Crepaldi,26,981,6.89,L,L,4.00,7.00,2
band,bandary,bandary,TRUE,BANDARY,NW_L_COMP,204,3,Complex,ary,Crepaldi,26,981,6.89,L,L,4.00,7.00,2
bask,baskody,baskody,TRUE,BASKODY,NW_S_SIMP,205,10,Simple,ory,Crepaldi,1,68,4.22,S,S,4.00,7.00,2
bask,baskory,baskory,TRUE,BASKORY,NW_S_COMP,203,10,Complex,ory,Crepaldi,1,68,4.22,S,S,4.00,7.00,2
bean,beanish,beanish,TRUE,BEANISH,NW_L_COMP,204,8,Complex,ish,Crepaldi,9,425,6.05,L,S,4.00,7.00,2
bean,beanith,beanith,TRUE,BEANITH,NW_L_SIMP,206,8,Simple,ish,Crepaldi,9,425,6.05,L,S,4.00,7.00,2
bear,bearilt,bearilt,TRUE,BEARILT,NW_L_SIMP,206,25,Simple,ist,RastleFiller,30,2626,7.87,L,L,4.00,7.00,2
bear,bearist,bearist,TRUE,BEARIST,NW_L_COMP,204,25,Complex,ist,RastleFiller,30,2626,7.87,L,L,4.00,7.00,2
beer,beerel,beerel,TRUE,BEEREL,NW_S_SIMP,205,5,Simple,er,Crepaldi,2,853,6.75,S,L,4.00,6.00,1
beer,beerer,beerer,TRUE,BEERER,NW_S_COMP,203,5,Complex,er,Crepaldi,2,853,6.75,S,L,4.00,6.00,1
beg,begence,begence,TRUE,BEGENCE,NW_L_COMP,204,4,Complex,ence,Crepaldi,8,604,6.40,L,S,3.00,7.00,2
beg,begenge,begenge,TRUE,BEGENGE,NW_L_SIMP,206,4,Simple,ence,Crepaldi,8,604,6.40,L,S,3.00,7.00,2
bind,bindic,bindic,TRUE,BINDIC,NW_L_COMP,204,22,Complex,ic,RastleFiller,14,451,6.11,L,S,4.00,6.00,1
bind,bindig,bindig,TRUE,BINDIG,NW_L_SIMP,206,22,Simple,ic,RastleFiller,14,451,6.11,L,S,4.00,6.00,1
blood,bloodel,bloodel,TRUE,BLOODEL,NW_L_SIMP,206,24,Simple,er,RastleFiller,53,3988,8.29,L,L,5.00,7.00,2
blood,blooder,blooder,TRUE,BLOODER,NW_L_COMP,204,24,Complex,er,RastleFiller,53,3988,8.29,L,L,5.00,7.00,2
bog,bogady,bogady,TRUE,BOGADY,NW_L_SIMP,206,2,Simple,ary,Crepaldi,12,259,5.56,L,S,3.00,6.00,2
bog,bogary,bogary,TRUE,BOGARY,NW_L_COMP,204,2,Complex,ary,Crepaldi,12,259,5.56,L,S,3.00,6.00,2
boil,boil,boil,TRUE,BOIL,NW_L_SIMP,206,18,Simple,ous,Graves,13,1102,7.00,L,L,4.00,7.00,1
boil,boilous,boilous,TRUE,BOILOUS,NW_L_COMP,204,18,Complex,ous,Graves,13,1102,7.00,L,L,4.00,7.00,1
bolt,boltoes,boltoes,TRUE,BOLTOES,NW_S_SIMP,205,13,Simple,ous,Crepaldi,6,348,5.85,S,S,4.00,7.00,2
bolt,boltous,boltous,TRUE,BOLTOUS,NW_S_COMP,203,13,Complex,ous,Crepaldi,6,348,5.85,S,S,4.00,7.00,2
branch,branchel,branchel,TRUE,BRANCHEL,NW_S_SIMP,205,16,Simple,er,Graves,3,1692,7.43,S,L,6.00,8.00,1
branch,brancher,brancher,TRUE,BRANCHER,NW_S_COMP,203,16,Complex,er,Graves,3,1692,7.43,S,L,6.00,8.00,1
break,breakidy,breakidy,TRUE,BREAKIDY,NW_L_SIMP,206,23,Simple,ity,RastleFiller,43,6366,8.76,L,L,5.00,8.00,1
break,breakity,breakity,TRUE,BREAKITY,NW_L_COMP,204,23,Complex,ity,RastleFiller,43,6366,8.76,L,L,5.00,8.00,1
class,classoes,classoes,TRUE,CLASSOES,NW_L_SIMP,206,18,Simple,ous,Crepaldi,29,6216,8.73,L,L,5.00,8.00,2
class,classous,classous,TRUE,CLASSOUS,NW_L_COMP,204,18,Complex,ous,Crepaldi,29,6216,8.73,L,L,5.00,8.00,2
cold,coldidy,coldidy,TRUE,COLDIDY,NW_L_SIMP,206,10,Simple,ity,Crepaldi,14,3585,8.18,L,L,4.00,7.00,1
cold,coldity,coldity,TRUE,COLDITY,NW_L_COMP,204,10,Complex,ity,Crepaldi,14,3585,8.18,L,L,4.00,7.00,1
critic,criticance,criticance,TRUE,CRITICANCE,NW_L_COMP,204,22,Complex,ize,Rastle,11,2720,7.91,L,L,6.00,10.00,2
critic,criticange,criticange,TRUE,CRITICANGE,NW_L_SIMP,206,22,Simple,ize,Rastle,11,2720,7.91,L,L,6.00,10.00,2
curt,curtidy,curtidy,TRUE,CURTIDY,NW_S_SIMP,205,11,Simple,ity,Crepaldi,3,88,4.48,S,S,4.00,7.00,1
curt,curtity,curtity,TRUE,CURTITY,NW_S_COMP,203,11,Complex,ity,Crepaldi,3,88,4.48,S,S,4.00,7.00,1
debt,debtish,debtish,TRUE,DEBTISH,NW_S_COMP,203,22,Complex,ish,RastleFiller,4,656,6.49,S,S,4.00,7.00,1
debt,debtith,debtith,TRUE,DEBTITH,NW_S_SIMP,205,22,Simple,ish,RastleFiller,4,656,6.49,S,S,4.00,7.00,1
dig,digody,digody,TRUE,DIGODY,NW_S_SIMP,205,11,Simple,ory,Crepaldi,3,777,6.66,S,L,3.00,6.00,2
dig,digory,digory,TRUE,DIGORY,NW_S_COMP,203,11,Complex,ory,Crepaldi,3,777,6.66,S,L,3.00,6.00,2
dumb,dumbidy,dumbidy,TRUE,DUMBIDY,NW_S_SIMP,205,12,Simple,ity,Crepaldi,6,244,5.50,S,S,4.00,7.00,1
dumb,dumbity,dumbity,TRUE,DUMBITY,NW_S_COMP,203,12,Complex,ity,Crepaldi,6,244,5.50,S,S,4.00,7.00,1
ear,earilt,earilt,TRUE,EARILT,NW_L_SIMP,206,12,Simple,ist,Crepaldi,16,1711,2.77,L,S,3.00,6.00,2
ear,earist,earist,TRUE,EARIST,NW_L_COMP,204,12,Complex,ist,Crepaldi,16,1711,2.77,L,S,3.00,6.00,2
eject,ejectence,ejectence,TRUE,EJECTENCE,NW_S_COMP,203,20,Complex,ence,RastleFiller,5,66,4.19,S,S,5.00,9.00,1
eject,ejectenge,ejectenge,TRUE,EJECTENGE,NW_S_SIMP,205,20,Simple,ence,RastleFiller,5,66,4.19,S,S,5.00,9.00,1
elbow,elbowilm,elbowilm,TRUE,ELBOWILM,NW_L_SIMP,206,10,Simple,ish,Crepaldi,18,1756,7.47,L,L,5.00,8.00,2
elbow,elbowism,elbowism,TRUE,ELBOWISM,NW_L_COMP,204,10,Complex,ish,Crepaldi,18,1756,7.47,L,L,5.00,8.00,2
elm,elmilt,elmilt,TRUE,ELMILT,NW_S_SIMP,205,10,Simple,ist,Crepaldi,2,175,5.16,S,S,3.00,6.00,1
elm,elmist,elmist,TRUE,ELMIST,NW_S_COMP,203,10,Complex,ist,Crepaldi,2,175,5.16,S,S,3.00,6.00,1
employ,employnels,employnels,TRUE,EMPLOYNELS,NW_L_SIMP,206,21,Simple,ness,Rastle,12,4622,8.44,L,L,6.00,10.00,1
employ,employness,employness,TRUE,EMPLOYNESS,NW_L_COMP,204,21,Complex,ness,Rastle,12,4622,8.44,L,L,6.00,10.00,1
fan,fanfil,fanfil,TRUE,FANFIL,NW_S_SIMP,205,6,Simple,ful,Crepaldi,4,473,6.16,S,S,3.00,6.00,1
fan,fanful,fanful,TRUE,FANFUL,NW_S_COMP,203,6,Complex,ful,Crepaldi,4,473,6.16,S,S,3.00,6.00,1
fellow,fellowoes,fellowoes,TRUE,FELLOWOES,NW_L_SIMP,206,17,Simple,ous,Crepaldi,11,1324,7.19,L,L,6.00,9.00,1
fellow,fellowous,fellowous,TRUE,FELLOWOUS,NW_L_COMP,204,17,Complex,ous,Crepaldi,11,1324,7.19,L,L,6.00,9.00,1
fever,feverime,feverime,TRUE,FEVERIME,NW_S_SIMP,205,24,Simple,ize,XuTaft,4,594,6.39,S,S,5.00,8.00,2
fever,feverize,feverize,TRUE,FEVERIZE,NW_S_COMP,203,24,Complex,ize,XuTaft,4,594,6.39,S,S,5.00,8.00,2
fiend,fiendilm,fiendilm,TRUE,FIENDILM,NW_S_SIMP,205,24,Simple,ism,XuTaft,4,53,3.97,S,S,5.00,8.00,1
fiend,fiendism,fiendism,TRUE,FIENDISM,NW_S_COMP,203,24,Complex,ism,XuTaft,4,53,3.97,S,S,5.00,8.00,1
fig,figel,figel,TRUE,FIGEL,NW_S_SIMP,205,4,Simple,er,Crepaldi,3,196,5.28,S,S,3.00,5.00,1
fig,figer,figer,TRUE,FIGER,NW_S_COMP,203,4,Complex,er,Crepaldi,3,196,5.28,S,S,3.00,5.00,1
flip,flipody,flipody,TRUE,FLIPODY,NW_L_SIMP,206,16,Simple,ory,Crepaldi,10,184,5.21,L,S,4.00,7.00,1
flip,flipory,flipory,TRUE,FLIPORY,NW_L_COMP,204,16,Complex,ory,Crepaldi,10,184,5.21,L,S,4.00,7.00,1
flit,flitence,flitence,TRUE,FLITENCE,NW_L_COMP,204,3,Complex,ence,Crepaldi,11,599,6.40,L,S,4.00,8.00,1
flit,flitenge,flitenge,TRUE,FLITENGE,NW_L_SIMP,206,3,Simple,ence,Crepaldi,11,599,6.40,L,S,4.00,8.00,1
free,freenels,freenels,TRUE,FREENELS,NW_L_SIMP,206,15,Simple,ness,Crepaldi,88,7277,8.89,L,L,4.00,8.00,1
free,freeness,freeness,TRUE,FREENESS,NW_L_COMP,204,15,Complex,ness,Crepaldi,88,7277,8.89,L,L,4.00,8.00,1
gas,gasfil,gasfil,TRUE,GASFIL,NW_L_SIMP,206,6,Simple,ful,Crepaldi,33,1501,7.31,L,L,3.00,6.00,1
gas,gasful,gasful,TRUE,GASFUL,NW_L_COMP,204,6,Complex,ful,Crepaldi,33,1501,7.31,L,L,3.00,6.00,1
grow,growilt,growilt,TRUE,GROWILT,NW_L_SIMP,206,20,Simple,ic,Graves,14,8545,9.05,L,L,4.00,7.00,2
grow,growist,growist,TRUE,GROWIST,NW_L_COMP,204,20,Complex,ic,Graves,14,8545,9.05,L,L,4.00,7.00,2
gum,gumfil,gumfil,TRUE,GUMFIL,NW_S_SIMP,205,2,Simple,ful,Crepaldi,2,57,4.04,S,S,3.00,6.00,2
gum,gumful,gumful,TRUE,GUMFUL,NW_S_COMP,203,2,Complex,ful,Crepaldi,2,57,4.04,S,S,3.00,6.00,2
habit,habitic,habitic,TRUE,HABITIC,NW_L_COMP,204,7,Complex,ic,Crepaldi,16,2066,7.63,L,L,5.00,7.00,2
habit,habitig,habitig,TRUE,HABITIG,NW_L_SIMP,206,7,Simple,ic,Crepaldi,16,2066,7.63,L,L,5.00,7.00,2
happen,happenance,happenance,TRUE,HAPPENANCE,NW_S_COMP,203,2,Complex,ance,Crepaldi,3,6982,8.85,S,L,6.00,10.00,1
happen,happenange,happenange,TRUE,HAPPENANGE,NW_S_SIMP,205,2,Simple,ance,Crepaldi,3,6982,8.85,S,L,6.00,10.00,1
height,heightence,heightence,TRUE,HEIGHTENCE,NW_S_COMP,203,18,Complex,ence,Rastle,2,912,6.82,S,L,6.00,10.00,1
height,heightenge,heightenge,TRUE,HEIGHTENGE,NW_S_SIMP,205,18,Simple,ence,Rastle,2,912,6.82,S,L,6.00,10.00,1
heir,heiric,heiric,TRUE,HEIRIC,NW_S_COMP,203,3,Complex,ic,Crepaldi,3,211,5.35,S,S,4.00,6.00,2
heir,heirig,heirig,TRUE,HEIRIG,NW_S_SIMP,205,3,Simple,ic,Crepaldi,3,211,5.35,S,S,4.00,6.00,2
helmet,helmetoes,helmetoes,TRUE,HELMETOES,NW_S_SIMP,205,14,Simple,ous,Crepaldi,6,242,5.49,S,S,6.00,9.00,2
helmet,helmetous,helmetous,TRUE,HELMETOUS,NW_S_COMP,203,14,Complex,ous,Crepaldi,6,242,5.49,S,S,6.00,9.00,2
humid,humidoes,humidoes,TRUE,HUMIDOES,NW_S_SIMP,205,25,Simple,ous,XuTaft,4,92,4.52,S,S,5.00,8.00,1
humid,humidous,humidous,TRUE,HUMIDOUS,NW_S_COMP,203,25,Complex,ous,XuTaft,4,92,4.52,S,S,5.00,8.00,1
ill,illilt,illilt,TRUE,ILLILT,NW_L_SIMP,206,9,Simple,ist,Crepaldi,27,2375,7.77,L,L,3.00,6.00,1
ill,illist,illist,TRUE,ILLIST,NW_L_COMP,204,9,Complex,ist,Crepaldi,27,2375,7.77,L,L,3.00,6.00,1
north,ime,ime,TRUE,IME,NW_L_SIMP,206,20,Simple,ize,Rastle,30,2541,7.84,L,L,5.00,8.00,1
ink,inkilm,inkilm,TRUE,INKILM,NW_L_SIMP,206,8,Simple,ish,Crepaldi,12,290,5.67,L,S,3.00,6.00,1
ink,inkism,inkism,TRUE,INKISM,NW_L_COMP,204,8,Complex,ish,Crepaldi,12,290,5.67,L,S,3.00,6.00,1
jaw,jawla,jawla,TRUE,JAWLA,NW_S_SIMP,205,7,Simple,ly,Crepaldi,7,414,6.03,S,S,3.00,5.00,2
jaw,jawly,jawly,TRUE,JAWLY,NW_S_COMP,203,7,Complex,ly,Crepaldi,7,414,6.03,S,S,3.00,5.00,2
king,kingilm,kingilm,TRUE,KINGILM,NW_L_SIMP,206,19,Simple,ish,Rastle,11,2275,7.73,L,L,4.00,7.00,1
king,kingism,kingism,TRUE,KINGISM,NW_L_COMP,204,19,Complex,ish,Rastle,11,2275,7.73,L,L,4.00,7.00,1
lid,lidady,lidady,TRUE,LIDADY,NW_S_SIMP,205,3,Simple,ary,Crepaldi,3,523,6.26,S,S,3.00,6.00,1
lid,lidary,lidary,TRUE,LIDARY,NW_S_COMP,203,3,Complex,ary,Crepaldi,3,523,6.26,S,S,3.00,6.00,1
long,longnels,longnels,TRUE,LONGNELS,NW_L_SIMP,206,17,Simple,ness,Crepaldi,59,19076,9.86,L,L,4.00,8.00,2
long,longness,longness,TRUE,LONGNESS,NW_L_COMP,204,17,Complex,ness,Crepaldi,59,19076,9.86,L,L,4.00,8.00,2
medical,medicalady,medicalady,TRUE,MEDICALADY,NW_S_SIMP,205,18,Simple,ary,RastleFiller,3,1323,7.19,S,L,7.00,10.00,2
medical,medicalary,medicalary,TRUE,MEDICALARY,NW_S_COMP,203,18,Complex,ary,RastleFiller,3,1323,7.19,S,L,7.00,10.00,2
melt,meltance,meltance,TRUE,MELTANCE,NW_S_COMP,203,1,Complex,ance,Crepaldi,5,429,6.06,S,S,4.00,8.00,1
melt,meltange,meltange,TRUE,MELTANGE,NW_S_SIMP,205,1,Simple,ance,Crepaldi,5,429,6.06,S,S,4.00,8.00,1
mouth,mouthime,mouthime,TRUE,MOUTHIME,NW_L_SIMP,206,11,Simple,ize,Crepaldi,18,2866,7.96,L,L,5.00,8.00,1
mouth,mouthize,mouthize,TRUE,MOUTHIZE,NW_L_COMP,204,11,Complex,ize,Crepaldi,18,2866,7.96,L,L,5.00,8.00,1
mud,mudla,mudla,TRUE,MUDLA,NW_L_SIMP,206,12,Simple,ly,Crepaldi,16,912,6.82,L,L,3.00,5.00,1
mud,mudly,mudly,TRUE,MUDLY,NW_L_COMP,204,12,Complex,ly,Crepaldi,16,912,6.82,L,L,3.00,5.00,1
next,nextnels,nextnels,TRUE,NEXTNELS,NW_S_SIMP,205,9,Simple,ness,Crepaldi,4,7415,8.91,S,L,4.00,8.00,2
next,nextness,nextness,TRUE,NEXTNESS,NW_S_COMP,203,9,Complex,ness,Crepaldi,4,7415,8.91,S,L,4.00,8.00,2
north,northize,northize,TRUE,NORTHIZE,NW_L_COMP,204,20,Complex,ize,Rastle,30,2541,7.84,L,L,5.00,8.00,1
null,nullish,nullish,TRUE,NULLISH,NW_S_COMP,203,23,Complex,ish,XuTaft,4,45,3.81,S,S,4.00,7.00,2
null,nullith,nullith,TRUE,NULLITH,NW_S_SIMP,205,23,Simple,ish,XuTaft,4,45,3.81,S,S,4.00,7.00,2
nut,nutla,nutla,TRUE,NUTLA,NW_L_SIMP,206,14,Simple,ly,Crepaldi,31,946,6.85,L,L,3.00,5.00,2
nut,nutly,nutly,TRUE,NUTLY,NW_L_COMP,204,14,Complex,ly,Crepaldi,31,946,6.85,L,L,3.00,5.00,2
oppose,opposemant,opposemant,TRUE,OPPOSEMANT,NW_S_SIMP,205,8,Simple,ment,Crepaldi,1,994,6.90,S,L,6.00,10.00,2
oppose,opposement,opposement,TRUE,OPPOSEMENT,NW_S_COMP,203,8,Complex,ment,Crepaldi,1,994,6.90,S,L,6.00,10.00,2
pass,passmant,passmant,TRUE,PASSMANT,NW_L_SIMP,206,14,Simple,ment,Crepaldi,43,10035,9.21,L,L,4.00,8.00,1
pass,passment,passment,TRUE,PASSMENT,NW_L_COMP,204,14,Complex,ment,Crepaldi,43,10035,9.21,L,L,4.00,8.00,1
pick,pickence,pickence,TRUE,PICKENCE,NW_L_COMP,204,5,Complex,ence,Crepaldi,20,3385,8.13,L,L,4.00,8.00,2
pick,pickenge,pickenge,TRUE,PICKENGE,NW_L_SIMP,206,5,Simple,ence,Crepaldi,20,3385,8.13,L,L,4.00,8.00,2
pill,pillime,pillime,TRUE,PILLIME,NW_S_SIMP,205,13,Simple,ize,Crepaldi,5,537,6.29,S,S,4.00,7.00,1
pill,pillize,pillize,TRUE,PILLIZE,NW_S_COMP,203,13,Complex,ize,Crepaldi,5,537,6.29,S,S,4.00,7.00,1
pitch,pitchody,pitchody,TRUE,PITCHODY,NW_L_SIMP,206,25,Simple,ory,RastleFiller,10,610,6.41,L,S,5.00,8.00,1
pitch,pitchory,pitchory,TRUE,PITCHORY,NW_L_COMP,204,25,Complex,ory,RastleFiller,10,610,6.41,L,S,5.00,8.00,1
poor,pooridy,pooridy,TRUE,POORIDY,NW_L_SIMP,206,13,Simple,ity,Crepaldi,11,4350,8.38,L,L,4.00,7.00,2
poor,poority,poority,TRUE,POORITY,NW_L_COMP,204,13,Complex,ity,Crepaldi,11,4350,8.38,L,L,4.00,7.00,2
pray,prayance,prayance,TRUE,PRAYANCE,NW_L_COMP,204,1,Complex,ance,Crepaldi,9,1055,6.96,L,L,4.00,8.00,2
pray,prayange,prayange,TRUE,PRAYANGE,NW_L_SIMP,206,1,Simple,ance,Crepaldi,9,1055,6.96,L,L,4.00,8.00,2
prince,princemant,princemant,TRUE,PRINCEMANT,NW_S_SIMP,205,17,Simple,ment,Graves,4,910,6.81,S,L,6.00,10.00,1
prince,princement,princement,TRUE,PRINCEMENT,NW_S_COMP,203,17,Complex,ment,Graves,4,910,6.81,S,L,6.00,10.00,1
ramp,rampime,rampime,TRUE,RAMPIME,NW_S_SIMP,205,6,Simple,ize,Crepaldi,1,95,4.55,S,S,4.00,7.00,2
ramp,rampize,rampize,TRUE,RAMPIZE,NW_S_COMP,203,6,Complex,ize,Crepaldi,1,95,4.55,S,S,4.00,7.00,2
rip,ripence,ripence,TRUE,RIPENCE,NW_L_COMP,204,4,Complex,ence,Crepaldi,8,471,6.15,L,S,3.00,7.00,1
rip,ripenge,ripenge,TRUE,RIPENGE,NW_L_SIMP,206,4,Simple,ence,Crepaldi,8,471,6.15,L,S,3.00,7.00,1
scheme,schemenels,schemenels,TRUE,SCHEMENELS,NW_S_SIMP,205,15,Simple,ness,Graves,3,1619,7.39,S,L,6.00,10.00,2
scheme,schemeness,schemeness,TRUE,SCHEMENESS,NW_S_COMP,203,15,Complex,ness,Graves,3,1619,7.39,S,L,6.00,10.00,2
sheet,sheetel,sheetel,TRUE,SHEETEL,NW_L_SIMP,206,5,Simple,er,Crepaldi,14,1009,6.92,L,L,5.00,7.00,1
sheet,sheeter,sheeter,TRUE,SHEETER,NW_L_COMP,204,5,Complex,er,Crepaldi,14,1009,6.92,L,L,5.00,7.00,1
shoot,shootmant,shootmant,TRUE,SHOOTMANT,NW_L_SIMP,206,16,Simple,ment,Crepaldi,23,1828,7.51,L,L,5.00,9.00,2
shoot,shootment,shootment,TRUE,SHOOTMENT,NW_L_COMP,204,16,Complex,ment,Crepaldi,23,1828,7.51,L,L,5.00,9.00,2
smooth,smoothfil,smoothfil,TRUE,SMOOTHFIL,NW_L_SIMP,206,19,Simple,ful,Graves,12,1042,6.95,L,L,6.00,9.00,2
smooth,smoothful,smoothful,TRUE,SMOOTHFUL,NW_L_COMP,204,19,Complex,ful,Graves,12,1042,6.95,L,L,6.00,9.00,2
socket,socketel,socketel,TRUE,SOCKETEL,NW_S_SIMP,205,1,Simple,er,Crepaldi,1,143,4.96,S,S,6.00,8.00,2
socket,socketer,socketer,TRUE,SOCKETER,NW_S_COMP,203,1,Complex,er,Crepaldi,1,143,4.96,S,S,6.00,8.00,2
stir,stirance,stirance,TRUE,STIRANCE,NW_L_COMP,204,1,Complex,ance,Crepaldi,12,841,6.73,L,L,4.00,8.00,1
stir,stirange,stirange,TRUE,STIRANGE,NW_L_SIMP,206,1,Simple,ance,Crepaldi,12,841,6.73,L,L,4.00,8.00,1
tax,taxfil,taxfil,TRUE,TAXFIL,NW_L_SIMP,206,6,Simple,ful,Crepaldi,14,2763,7.92,L,L,3.00,6.00,2
tax,taxful,taxful,TRUE,TAXFUL,NW_L_COMP,204,6,Complex,ful,Crepaldi,14,2763,7.92,L,L,3.00,6.00,2
thrill,thrillance,thrillance,TRUE,THRILLANCE,NW_S_COMP,203,22,Complex,ance,XuTaft,4,307,5.73,S,S,6.00,10.00,2
thrill,thrillange,thrillange,TRUE,THRILLANGE,NW_S_SIMP,205,22,Simple,ance,XuTaft,4,307,5.73,S,S,6.00,10.00,2
tilt,tiltady,tiltady,TRUE,TILTADY,NW_S_SIMP,205,17,Simple,ary,RastleFiller,3,328,5.79,S,S,4.00,7.00,2
tilt,tiltary,tiltary,TRUE,TILTARY,NW_S_COMP,203,17,Complex,ary,RastleFiller,3,328,5.79,S,S,4.00,7.00,2
tower,towerla,towerla,TRUE,TOWERLA,NW_L_SIMP,206,15,Simple,ly,Crepaldi,9,1180,7.07,L,L,5.00,7.00,2
tower,towerly,towerly,TRUE,TOWERLY,NW_L_COMP,204,15,Complex,ly,Crepaldi,9,1180,7.07,L,L,5.00,7.00,2
treason,treasonime,treasonime,TRUE,TREASONIME,NW_S_SIMP,205,14,Simple,ize,Crepaldi,4,138,4.93,S,S,7.00,10.00,1
treason,treasonize,treasonize,TRUE,TREASONIZE,NW_S_COMP,203,14,Complex,ize,Crepaldi,4,138,4.93,S,S,7.00,10.00,1
trip,tripady,tripady,TRUE,TRIPADY,NW_L_SIMP,206,2,Simple,ary,Crepaldi,9,1382,7.23,L,L,4.00,7.00,1
trip,tripary,tripary,TRUE,TRIPARY,NW_L_COMP,204,2,Complex,ary,Crepaldi,9,1382,7.23,L,L,4.00,7.00,1
TRUE,truenels,truenels,TRUE,TRUENELS,NW_S_SIMP,205,15,Simple,ness,Crepaldi,6,6,1.79,S,S,4.00,8.00,1
TRUE,trueness,trueness,TRUE,TRUENESS,NW_S_COMP,203,15,Complex,ness,Crepaldi,6,6,1.79,S,S,4.00,8.00,1
urn,urnilt,urnilt,TRUE,URNILT,NW_S_SIMP,205,5,Simple,ist,Crepaldi,2,68,4.22,S,S,3.00,6.00,2
urn,urnist,urnist,TRUE,URNIST,NW_S_COMP,203,5,Complex,ist,Crepaldi,2,68,4.22,S,S,3.00,6.00,2
valid,validel,validel,TRUE,VALIDEL,NW_L_SIMP,206,23,Simple,er,RastleFiller,13,618,6.43,L,S,5.00,7.00,2
valid,valider,valider,TRUE,VALIDER,NW_L_COMP,204,23,Complex,er,RastleFiller,13,618,6.43,L,S,5.00,7.00,2
warn,warnody,warnody,TRUE,WARNODY,NW_S_SIMP,205,12,Simple,ory,Crepaldi,5,1697,7.44,S,L,4.00,7.00,2
warn,warnory,warnory,TRUE,WARNORY,NW_S_COMP,203,12,Complex,ory,Crepaldi,5,1697,7.44,S,L,4.00,7.00,2
weld,weldic,weldic,TRUE,WELDIC,NW_S_COMP,203,21,Complex,ic,RastleFiller,3,129,4.86,S,S,4.00,6.00,1
weld,weldig,weldig,TRUE,WELDIG,NW_S_SIMP,205,21,Simple,ic,RastleFiller,3,129,4.86,S,S,4.00,6.00,1
wig,wigish,wigish,TRUE,WIGISH,NW_L_COMP,204,9,Complex,ish,Crepaldi,8,262,5.57,L,S,3.00,6.00,2
wig,wigith,wigith,TRUE,WIGITH,NW_L_SIMP,206,9,Simple,ish,Crepaldi,8,262,5.57,L,S,3.00,6.00,2
wink,winkidy,winkidy,TRUE,WINKIDY,NW_S_SIMP,205,21,Simple,ity,RastleFiller,4,216,5.38,S,S,4.00,7.00,2
wink,winkity,winkity,TRUE,WINKITY,NW_S_COMP,203,21,Complex,ity,RastleFiller,4,216,5.38,S,S,4.00,7.00,2
witch,witchish,witchish,TRUE,WITCHISH,NW_L_COMP,204,11,Complex,ish,Crepaldi,11,890,6.79,L,L,5.00,8.00,2
witch,witchith,witchith,TRUE,WITCHITH,NW_L_SIMP,206,11,Simple,ish,Crepaldi,11,890,6.79,L,L,5.00,8.00,2
yank,yankody,yankody,TRUE,YANKODY,NW_S_SIMP,205,23,Simple,ory,RastleFiller,2,51,3.93,S,S,4.00,7.00,1
yank,yankory,yankory,TRUE,YANKORY,NW_S_COMP,203,23,Complex,ory,RastleFiller,2,51,3.93,S,S,4.00,7.00,1
yield,yieldilt,yieldilt,TRUE,YIELDILT,NW_S_SIMP,205,20,Simple,ist,RastleFiller,4,613,6.42,S,S,5.00,8.00,2
yield,yieldist,yieldist,TRUE,YIELDIST,NW_S_COMP,203,20,Complex,ist,RastleFiller,4,613,6.42,S,S,5.00,8.00,2
zoom,zoomfil,zoomfil,TRUE,ZOOMFIL,NW_S_SIMP,205,19,Simple,ful,RastleFiller,2,34,3.53,S,S,4.00,7.00,2
zoom,zoomful,zoomful,TRUE,ZOOMFUL,NW_S_COMP,203,19,Complex,ful,RastleFiller,2,34,3.53,S,S,4.00,7.00,2